n,J,R,rep,AMSE_Random,AMSE_MaxTwin_plus,AMSE_WMaxTwin_plus,diff_Random_minus_MaxTwin_plus,diff_MaxTwin_plus_minus_WMaxTwin_plus,abs_signed_overlap
60,5,8,1,0.08061781496293711,0.056693638781632236,0.04800089214491246,0.02392417618130488,0.008692746636719775,0.13333333333333333
60,5,8,2,0.1065903240388486,0.057559826818852536,0.05340576435857824,0.04903049721999607,0.004154062460274298,0.06666666666666667
60,5,8,3,0.08504288912763411,0.04890133643955232,0.04636888223160136,0.036141552688081786,0.0025324542079509585,0.0
60,5,8,4,0.07435237440315799,0.07769994259062175,0.06257259311757284,-0.003347568187463762,0.015127349473048918,0.0
60,5,8,5,0.10748093953033101,0.09715739241951984,0.0849788593558723,0.010323547110811168,0.01217853306364755,0.06666666666666667
60,5,8,6,0.06946419220483906,0.06978324438538899,0.06334336250863479,-0.00031905218054993634,0.006439881876754205,0.0
60,5,8,7,0.05312861121655325,0.026505920475560062,0.02181790198806155,0.026622690740993184,0.0046880184874985124,0.26666666666666666
60,5,8,8,0.06485986939628254,0.0536333920186436,0.04197711425169008,0.011226477377638933,0.011656277766953521,0.13333333333333333
60,5,8,9,0.054821300673875695,0.039384012158042235,0.028795799997433254,0.01543728851583346,0.01058821216060898,0.2
60,5,8,10,0.07987450103043377,0.04068436543051068,0.03305176546011964,0.039190135599923084,0.007632599970391042,0.06666666666666667
60,5,8,11,0.10769807262680853,0.06023650979911628,0.050854006753310144,0.04746156282769225,0.009382503045806137,0.2
60,5,8,12,0.09099669027877541,0.043930241023819386,0.0389665700698175,0.047066449254956025,0.004963670954001888,0.06666666666666667
60,5,8,13,0.07200364240078096,0.05820567686400105,0.05116884862244795,0.013797965536779908,0.007036828241553099,0.0
60,5,8,14,0.07751170324809753,0.03244026125985229,0.028833981448088054,0.04507144198824524,0.003606279811764236,0.26666666666666666
60,5,8,15,0.05725813303698757,0.04231250792012349,0.03907646014850673,0.014945625116864078,0.0032360477716167624,0.2
60,5,8,16,0.08774495945509173,0.05987266838694211,0.04771601422089491,0.02787229106814962,0.0121566541660472,0.06666666666666667
60,5,8,17,0.07171165337225338,0.06426597350237373,0.05179991153975817,0.007445679869879651,0.012466061962615557,0.06666666666666667
60,5,8,18,0.10474331080994283,0.059532015529614596,0.05514483882289564,0.04521129528032823,0.004387176706718954,0.06666666666666667
60,5,8,19,0.10980097553995541,0.07234917946756383,0.062464297447213435,0.037451796072391574,0.0098848820203504,0.13333333333333333
60,5,8,20,0.07127946062941548,0.0612966536802972,0.046639596868552194,0.00998280694911828,0.014657056811745006,0.26666666666666666
60,5,8,21,0.0759058736587881,0.05222311323142545,0.042214354637240915,0.023682760427362656,0.010008758594184534,0.2
60,5,8,22,0.10313804771703289,0.09128181134627025,0.08440495217329325,0.011856236370762635,0.006876859172977007,0.13333333333333333
60,5,8,23,0.07970136874388138,0.04498850641402012,0.043771531378982764,0.03471286232986126,0.001216975035037357,0.06666666666666667
60,5,8,24,0.05525526388796806,0.033488912659344935,0.030800689020082213,0.021766351228623124,0.0026882236392627226,0.13333333333333333
60,5,8,25,0.09232167640602892,0.06326145423276178,0.05439936661287805,0.029060222173267147,0.008862087619883725,0.3333333333333333
60,5,8,26,0.13168979263635855,0.08495895066416341,0.08407232619337343,0.04673084197219514,0.000886624470789979,0.26666666666666666
60,5,8,27,0.14983209258640579,0.05788973758696804,0.05705492238301307,0.09194235499943774,0.0008348152039549736,0.2
60,5,8,28,0.05921789669405924,0.049054789056439826,0.040725332463421,0.010163107637619413,0.008329456593018827,0.3333333333333333
60,5,8,29,0.11259613964537338,0.04993793090187519,0.04691599819246744,0.06265820874349819,0.0030219327094077528,0.2
60,5,8,30,0.10563454364832074,0.05731544295211743,0.056166330782443805,0.048319100696203314,0.0011491121696736231,0.06666666666666667
60,5,8,31,0.09175372378213582,0.052903110160360936,0.05004677988496573,0.03885061362177489,0.002856330275395204,0.2
60,5,8,32,0.07813850301493602,0.0613795031078187,0.053027880404533906,0.016758999907117322,0.008351622703284795,0.06666666666666667
60,5,8,33,0.1196519958959088,0.08232532331390244,0.06675075654935611,0.037326672582006365,0.015574566764546327,0.13333333333333333
60,5,8,34,0.07299754939087812,0.06560090933464616,0.056362520664669825,0.0073966400562319595,0.009238388669976332,0.06666666666666667
60,5,8,35,0.07718950959736216,0.05366797563426186,0.03588890641094599,0.023521533963100305,0.017779069223315867,0.13333333333333333
60,5,8,36,0.07546159733910969,0.06273379045098267,0.05541864648681009,0.012727806888127025,0.007315143964172578,0.06666666666666667
60,5,8,37,0.09492876632790904,0.0720065912728878,0.06635152176014594,0.02292217505502124,0.0056550695127418615,0.06666666666666667
60,5,8,38,0.09792145191530274,0.0811938414922301,0.06786863023717868,0.016727610423072636,0.013325211255051428,0.2
60,5,8,39,0.05206978968801172,0.02851111999191378,0.024871769623052674,0.02355866969609794,0.003639350368861108,0.06666666666666667
60,5,8,40,0.09236233072058916,0.062108832320977636,0.05597910729012427,0.030253498399611528,0.006129725030853364,0.3333333333333333
60,5,8,41,0.09379009998881657,0.07486969114045547,0.07041356404081844,0.018920408848361103,0.004456127099637025,0.2
60,5,8,42,0.1015469365926295,0.0777137882930731,0.07574299515013183,0.023833148299556406,0.0019707931429412684,0.4
60,5,8,43,0.07763221919611575,0.06047561528049421,0.05003689010012673,0.017156603915621543,0.01043872518036748,0.06666666666666667
60,5,8,44,0.07352606700610739,0.03799392441008427,0.03464094661059115,0.03553214259602312,0.0033529777994931176,0.4666666666666667
60,5,8,45,0.10259348976394353,0.07981210093803945,0.07175590627992898,0.02278138882590408,0.008056194658110472,0.13333333333333333
60,5,8,46,0.08366465725701105,0.056131414771198165,0.05125224653522812,0.02753324248581289,0.004879168235970045,0.06666666666666667
60,5,8,47,0.11043078266419887,0.0768051704570284,0.06618453841949938,0.033625612207170474,0.010620632037529013,0.0
60,5,8,48,0.0394061022399336,0.04384940400010856,0.028325466225887948,-0.004443301760174961,0.015523937774220613,0.13333333333333333
60,5,8,49,0.11177331180246608,0.09255820997684697,0.08118682594969948,0.019215101825619113,0.01137138402714749,0.0
60,5,8,50,0.11956055308138916,0.07719303057651243,0.07549467382820929,0.04236752250487673,0.0016983567483031398,0.3333333333333333
60,5,8,51,0.10809839388397818,0.05224028237552075,0.046644859513038546,0.05585811150845743,0.005595422862482206,0.13333333333333333
60,5,8,52,0.10415268845281095,0.08940987550106803,0.08491497521769847,0.014742812951742915,0.00449490028336956,0.2
60,5,8,53,0.12136585967546448,0.07451065642445703,0.06384084613826463,0.04685520325100745,0.010669810286192405,0.0
60,5,8,54,0.08451271863314086,0.06946959977634076,0.060177979801269335,0.015043118856800097,0.009291619975071427,0.13333333333333333
60,5,8,55,0.1399577220283008,0.07196632100154923,0.06690710487203952,0.06799140102675158,0.005059216129509714,0.2
60,5,8,56,0.10204504984390715,0.09439948344223355,0.07985976369366926,0.007645566401673604,0.014539719748564287,0.0
60,5,8,57,0.06961632076895592,0.05904078501443848,0.048898526856748455,0.010575535754517446,0.010142258157690022,0.0
60,5,8,58,0.07168263993184551,0.06740114273933986,0.05549714999099217,0.0042814971925056455,0.011903992748347691,0.26666666666666666
60,5,8,59,0.15231304658618802,0.07613842181178095,0.06986303038163705,0.07617462477440708,0.006275391430143898,0.3333333333333333
60,5,8,60,0.08608508493034794,0.05116049078833315,0.04551606733936676,0.03492459414201479,0.005644423448966394,0.2
60,5,8,61,0.07809332005601378,0.06186783725649735,0.05969688625278232,0.01622548279951643,0.0021709510037150326,0.06666666666666667
60,5,8,62,0.09106221717419574,0.05108331042782528,0.04355624252886594,0.03997890674637046,0.007527067898959343,0.0
60,5,8,63,0.06586561173850333,0.053457311717170906,0.041300566358196,0.012408300021332426,0.012156745358974909,0.06666666666666667
60,5,8,64,0.058951500135603414,0.043870641061849236,0.03170543252397929,0.015080859073754178,0.012165208537869947,0.06666666666666667
60,5,8,65,0.11430916503456988,0.06364736048593625,0.05438110145024448,0.05066180454863363,0.009266259035691768,0.06666666666666667
60,5,8,66,0.08729219586872888,0.049890360765354566,0.04415113880325333,0.03740183510337432,0.005739221962101235,0.13333333333333333
60,5,8,67,0.07438196283846794,0.0721592676621228,0.06276401752035117,0.0022226951763451436,0.00939525014177163,0.13333333333333333
60,5,8,68,0.06832258203105865,0.056772324929872164,0.05153431098911718,0.011550257101186484,0.0052380139407549875,0.2
60,5,8,69,0.07577715701087724,0.04884872100804469,0.045674179892835606,0.026928436002832554,0.0031745411152090813,0.2
60,5,8,70,0.109170602103213,0.07788196290971339,0.0751207121987178,0.03128863919349961,0.0027612507109955886,0.2
60,5,8,71,0.07785852885679787,0.06523762053409668,0.053723939676369195,0.012620908322701185,0.011513680857727485,0.26666666666666666
60,5,8,72,0.09383887628091461,0.06991979161884651,0.06356898049052834,0.023919084662068102,0.006350811128318173,0.2
60,5,8,73,0.050661034258364074,0.033663038102618184,0.03034020025313277,0.01699799615574589,0.0033228378494854147,0.06666666666666667
60,5,8,74,0.048348855020417233,0.04692939622113328,0.038631137343519306,0.001419458799283957,0.00829825887761397,0.13333333333333333
60,5,8,75,0.0801248050998564,0.04199158107755062,0.03346229003907724,0.038133224022305776,0.008529291038473379,0.06666666666666667
60,5,8,76,0.08348191660957113,0.04645001109009851,0.04270308481045194,0.03703190551947262,0.0037469262796465744,0.2
60,5,8,77,0.07796594642656429,0.07365284983317563,0.05870799448809355,0.00431309659338866,0.014944855345082081,0.2
60,5,8,78,0.08831701891660383,0.07702985666345386,0.06193915514575847,0.011287162253149977,0.015090701517695385,0.06666666666666667
60,5,8,79,0.11456013793806749,0.09191399385366003,0.08518357130820922,0.02264614408440746,0.006730422545450809,0.0
60,5,8,80,0.12324438896765615,0.0660483444393616,0.059209870844565235,0.05719604452829455,0.006838473594796363,0.26666666666666666
60,5,8,81,0.048822321736600754,0.05891605319501849,0.04028354037137268,-0.010093731458417736,0.018632512823645808,0.06666666666666667
60,5,8,82,0.10968814696738441,0.09493987253878203,0.08585534362516646,0.014748274428602381,0.009084528913615567,0.13333333333333333
60,5,8,83,0.039671961015338895,0.037356206510391246,0.033005670908236445,0.0023157545049476494,0.004350535602154801,0.2
60,5,8,84,0.057657958763633166,0.05252490196921819,0.044635235008674425,0.005133056794414975,0.007889666960543766,0.13333333333333333
60,5,8,85,0.058315420929911856,0.03716275662999649,0.038471036622402324,0.021152664299915365,-0.0013082799924058336,0.2
60,5,8,86,0.10710316338745329,0.06929217759035503,0.061678851297791985,0.03781098579709827,0.00761332629256304,0.2
60,5,8,87,0.11486168238177638,0.08463126022207239,0.06953407014835,0.030230422159703993,0.015097190073722386,0.0
60,5,8,88,0.05068592025910711,0.03438797652422028,0.03279418873115812,0.016297943734886834,0.001593787793062157,0.2
60,5,8,89,0.05963615852509209,0.05228227230415125,0.04210512657427149,0.007353886220940839,0.01017714572987976,0.13333333333333333
60,5,8,90,0.11357620017176073,0.08226754751982157,0.07782834321786894,0.03130865265193916,0.004439204301952632,0.2
60,5,8,91,0.08702499702244731,0.06837219518993523,0.06680307685973924,0.018652801832512084,0.00156911833019599,0.26666666666666666
60,5,8,92,0.10163428338549188,0.06126185503342446,0.0554140170985383,0.04037242835206742,0.005847837934886163,0.2
60,5,8,93,0.12035048274703303,0.06816387265714026,0.05970139819770964,0.05218661008989277,0.008462474459430616,0.06666666666666667
60,5,8,94,0.07422830000017994,0.07387368510887696,0.06884310676039063,0.00035461489130297896,0.005030578348486331,0.13333333333333333
60,5,8,95,0.08164926016424762,0.06464462621278706,0.06297654848946023,0.017004633951460554,0.001668077723326833,0.0
60,5,8,96,0.07322183885994103,0.04351565374572644,0.0396870374953938,0.029706185114214592,0.0038286162503326435,0.2
60,5,8,97,0.06057486845474707,0.054175093711312176,0.0489215199270428,0.006399774743434894,0.005253573784269376,0.13333333333333333
60,5,8,98,0.13075648740460008,0.07514529518518591,0.07329103551586089,0.05561119221941417,0.001854259669325023,0.4
60,5,8,99,0.12088208303513061,0.08231961626648229,0.07599007480260958,0.038562466768648315,0.006329541463872712,0.0
60,5,8,100,0.08573137418618154,0.05058116215389448,0.04835539230054359,0.03515021203228706,0.0022257698533508924,0.13333333333333333
60,5,8,101,0.09315279110681039,0.05189151545824099,0.04699833056725962,0.0412612756485694,0.004893184890981374,0.13333333333333333
60,5,8,102,0.04668877351469583,0.036279073783772355,0.0267423187706382,0.010409699730923476,0.009536755013134154,0.06666666666666667
60,5,8,103,0.10566630362707943,0.056862155372798,0.055595205518883,0.048804148254281435,0.0012669498539149976,0.2
60,5,8,104,0.07988780784585672,0.05302683550632227,0.04942992528347683,0.026860972339534453,0.0035969102228454383,0.0
60,5,8,105,0.09539856486336658,0.06721028234893148,0.060180183811407356,0.0281882825144351,0.007030098537524121,0.06666666666666667
60,5,8,106,0.10368616680924408,0.0889561582232008,0.08401475802154394,0.014730008586043286,0.0049414002016568565,0.06666666666666667
60,5,8,107,0.08310518217682183,0.04607797525489668,0.04284202727731161,0.037027206921925154,0.0032359479775850714,0.13333333333333333
60,5,8,108,0.09574915112943827,0.06610486635221013,0.062486840152826684,0.029644284777228136,0.0036180261993834506,0.26666666666666666
60,5,8,109,0.1057779595204168,0.10608157287283178,0.0868102492319878,-0.00030361335241498033,0.019271323640843982,0.0
60,5,8,110,0.07963136762420855,0.053045784354576096,0.052625157402265546,0.026585583269632458,0.0004206269523105502,0.3333333333333333
60,5,8,111,0.15753024795025855,0.08606781566972135,0.08375625919346465,0.0714624322805372,0.002311556476256707,0.06666666666666667
60,5,8,112,0.0910280342089633,0.07407585963797636,0.0659575352673002,0.01695217457098694,0.008118324370676167,0.13333333333333333
60,5,8,113,0.0859953769973323,0.06009147394181025,0.056614787971606864,0.02590390305552205,0.003476685970203383,0.13333333333333333
60,5,8,114,0.11252617607885812,0.09137451653766782,0.08658148495041798,0.021151659541190304,0.004793031587249835,0.13333333333333333
60,5,8,115,0.06654668689015528,0.0534629043696474,0.04748908008338519,0.013083782520507875,0.005973824286262211,0.13333333333333333
60,5,8,116,0.09432440435036535,0.0608624055181925,0.05886275729136717,0.03346199883217285,0.001999648226825329,0.06666666666666667
60,5,8,117,0.09012294778050155,0.06136743297866322,0.046726378721924755,0.028755514801838328,0.014641054256738464,0.2
60,5,8,118,0.08766217164770104,0.07592468341741412,0.061336798266445995,0.011737488230286919,0.014587885150968129,0.06666666666666667
60,5,8,119,0.09622018491217596,0.06500422148584425,0.061028666236402254,0.031215963426331705,0.0039755552494420004,0.13333333333333333
60,5,8,120,0.08637507653176567,0.045195031435932335,0.03955520713886354,0.04118004509583333,0.005639824297068795,0.0
60,5,8,121,0.0803140465602343,0.05075304089810699,0.04600301596203135,0.029561005662127313,0.004750024936075639,0.26666666666666666
60,5,8,122,0.08862350128318026,0.05530652362542205,0.042967308692606745,0.033316977657758214,0.012339214932815305,0.3333333333333333
60,5,8,123,0.07690641663122269,0.05540704907460931,0.04695738873167337,0.02149936755661338,0.008449660342935941,0.13333333333333333
60,5,8,124,0.0990413213430959,0.06971878085191692,0.06243301298993844,0.02932254049117898,0.00728576786197848,0.13333333333333333
60,5,8,125,0.06404890178553643,0.050003302562715346,0.043309352188401845,0.014045599222821087,0.006693950374313501,0.2
60,5,8,126,0.11840664671261528,0.09446807408726321,0.0807054581927154,0.023938572625352067,0.013762615894547803,0.3333333333333333
60,5,8,127,0.0919516238733778,0.08634135596620372,0.07403354878230542,0.005610267907174074,0.012307807183898303,0.3333333333333333
60,5,8,128,0.11683950615966517,0.04519937696666963,0.04023147063910159,0.07164012919299553,0.004967906327568043,0.06666666666666667
60,5,8,129,0.05566222250409029,0.0467999647749846,0.04040987075855597,0.008862257729105691,0.006390094016428628,0.0
60,5,8,130,0.08851352504729201,0.07202860824272697,0.06239161006843416,0.016484916804565042,0.00963699817429281,0.06666666666666667
60,5,8,131,0.0930616728733701,0.0675224115342789,0.0649767931279227,0.025539261339091193,0.002545618406356198,0.0
60,5,8,132,0.0702054416596177,0.05088362022732204,0.0459136952680619,0.01932182143229566,0.004969924959260137,0.2
60,5,8,133,0.07096263616694037,0.042371397539449664,0.039006354307496466,0.02859123862749071,0.003365043231953198,0.3333333333333333
60,5,8,134,0.07670533385680944,0.0602885510797225,0.057555366229255826,0.01641678277708694,0.002733184850466676,0.06666666666666667
60,5,8,135,0.088662751211043,0.06278594460821384,0.056673989352736195,0.025876806602829164,0.006111955255477641,0.4666666666666667
60,5,8,136,0.07008719372689835,0.054255496916109355,0.05357910541889223,0.015831696810788998,0.000676391497217127,0.2
60,5,8,137,0.07452384850319871,0.050824591835624544,0.04764029112696484,0.023699256667574164,0.0031843007086597014,0.13333333333333333
60,5,8,138,0.10057230535044719,0.05850885031743476,0.05038569189552797,0.042063455033012426,0.008123158421906793,0.26666666666666666
60,5,8,139,0.0901967998801522,0.05103791108631772,0.043636809028249346,0.03915888879383447,0.007401102058068376,0.2
60,5,8,140,0.07644027236729667,0.05924985968427271,0.05386503534132596,0.01719041268302396,0.005384824342946751,0.0
60,5,8,141,0.13143562687084043,0.07390722267391606,0.07430260735124057,0.05752840419692437,-0.00039538467732451454,0.3333333333333333
60,5,8,142,0.06411268165381281,0.04715112052061228,0.0417298010150947,0.016961561133200534,0.00542131950551758,0.0
60,5,8,143,0.06123607654953479,0.049843156422659095,0.045477983549043935,0.011392920126875698,0.00436517287361516,0.0
60,5,8,144,0.07570200110309411,0.05566858958886017,0.04960162480508391,0.020033411514233934,0.00606696478377626,0.06666666666666667
60,5,8,145,0.10038008430973228,0.054325385660324986,0.04990505217455387,0.04605469864940729,0.004420333485771116,0.13333333333333333
60,5,8,146,0.1295795131578023,0.05467654030295611,0.04977528410205675,0.0749029728548462,0.004901256200899359,0.3333333333333333
60,5,8,147,0.07933950332441886,0.05429502612763372,0.03784368891931589,0.02504447719678514,0.01645133720831783,0.2
60,5,8,148,0.0831314190815625,0.06376482345630863,0.060225870722703356,0.019366595625253877,0.0035389527336052717,0.0
60,5,8,149,0.07949207370201367,0.05424557787074559,0.05010440610514519,0.025246495831268076,0.004141171765600402,0.13333333333333333
60,5,8,150,0.08631118972811866,0.076107340972271,0.06903366753468729,0.010203848755847664,0.007073673437583708,0.0
80,5,10,1,0.06866044193951554,0.05412679944799399,0.04739611763726875,0.014533642491521545,0.006730681810725239,0.25
80,5,10,2,0.11262976073185561,0.0926264925325766,0.08650338500400376,0.020003268199279015,0.006123107528572841,0.05
80,5,10,3,0.0852594412775511,0.05875042965834154,0.05535600774438864,0.026509011619209558,0.003394421913952901,0.0
80,5,10,4,0.06465801958853037,0.035772763682235226,0.03446899243977579,0.02888525590629515,0.0013037712424594367,0.0
80,5,10,5,0.0807926326756374,0.07507120892505727,0.06950532935420028,0.005721423750580129,0.0055658795708569825,0.0
80,5,10,6,0.04685368946959266,0.026968150785905427,0.023495583056660836,0.019885538683687233,0.003472567729244591,0.05
80,5,10,7,0.07284120524323462,0.04829561167525635,0.04111716290650791,0.024545593567978266,0.007178448768748444,0.15
80,5,10,8,0.05788217610729139,0.049164044424923864,0.04296194270128237,0.008718131682367528,0.0062021017236414955,0.05
80,5,10,9,0.05054915276673799,0.04045526653261187,0.035035037050891935,0.010093886234126125,0.005420229481719933,0.15
80,5,10,10,0.06407125942955823,0.037563428632048625,0.03755343571986838,0.026507830797509603,9.992912180241398e-06,0.05
80,5,10,11,0.07925822210285632,0.055494189832106,0.05256568162199084,0.023764032270750322,0.0029285082101151647,0.2
80,5,10,12,0.0652183684602874,0.045442814904966496,0.040755290664334254,0.01977555355532091,0.004687524240632242,0.25
80,5,10,13,0.06180987638278325,0.034305856096718455,0.028054064988843726,0.027504020286064794,0.00625179110787473,0.2
80,5,10,14,0.05685215726325316,0.0435379246366186,0.037267332982007524,0.013314232626634566,0.006270591654611073,0.05
80,5,10,15,0.05723133219556397,0.03741088674346165,0.033503275227701704,0.01982044545210232,0.003907611515759947,0.1
80,5,10,16,0.04351491475905276,0.03492909045720752,0.027124275011304152,0.008585824301845242,0.007804815445903366,0.2
80,5,10,17,0.09936196545750808,0.050382463262812045,0.05054609480653738,0.04897950219469604,-0.000163631543725333,0.15
80,5,10,18,0.07672570657491394,0.035658635724928854,0.030972675365936564,0.041067070849985086,0.00468596035899229,0.0
80,5,10,19,0.07499258683909665,0.04433584683118137,0.03531030557352701,0.03065674000791528,0.009025541257654361,0.15
80,5,10,20,0.08543371941904063,0.06395830226830665,0.05520328450352115,0.021475417150733978,0.008755017764785503,0.05
80,5,10,21,0.05060594969145617,0.03937923306472914,0.03671945871842426,0.011226716626727029,0.0026597743463048773,0.25
80,5,10,22,0.06939070298578134,0.04180638362764497,0.038108642837097764,0.02758431935813637,0.003697740790547209,0.05
80,5,10,23,0.05104287153267063,0.039262533392212876,0.0376232592615682,0.011780338140457758,0.0016392741306446787,0.1
80,5,10,24,0.08058368902362441,0.050854114734034485,0.049183546722618446,0.029729574289589923,0.001670568011416039,0.05
80,5,10,25,0.06788764494825075,0.0477927589915976,0.04221956895072783,0.020094885956653152,0.0055731900408697715,0.45
80,5,10,26,0.04927013156446895,0.042523856274082936,0.03884906761804094,0.006746275290386017,0.0036747886560419968,0.2
80,5,10,27,0.10166965168255207,0.06049564592058322,0.04869514372894629,0.04117400576196885,0.011800502191636933,0.05
80,5,10,28,0.06101217430407078,0.046552273479743014,0.03952594800041494,0.014459900824327764,0.007026325479328077,0.05
80,5,10,29,0.08258359904630025,0.054121063462095914,0.04663803886366279,0.028462535584204335,0.007483024598433127,0.1
80,5,10,30,0.03646026561693265,0.02791144566011633,0.0244967270260203,0.00854881995681632,0.0034147186340960298,0.05
80,5,10,31,0.0602122611262034,0.04454666607051952,0.037346989138941626,0.01566559505568388,0.007199676931577893,0.15
80,5,10,32,0.04911776926545845,0.04126272702273151,0.0380662117260163,0.007855042242726942,0.003196515296715212,0.05
80,5,10,33,0.06066904055878826,0.04908578517883555,0.04751068926084574,0.011583255379952709,0.0015750959179898077,0.05
80,5,10,34,0.06555801246634121,0.054391650879817774,0.04336792236691983,0.01116636158652344,0.011023728512897943,0.05
80,5,10,35,0.11198795421590732,0.08926711863357299,0.08479685513816045,0.02272083558233433,0.004470263495412546,0.3
80,5,10,36,0.07208140613904611,0.04269724839157603,0.04021224033952282,0.02938415774747008,0.002485008052053206,0.2
80,5,10,37,0.10725371521140342,0.08498715050776814,0.08067484475745527,0.022266564703635278,0.00431230575031287,0.25
80,5,10,38,0.09663936655798397,0.06593616451545983,0.06195816707759843,0.030703202042524136,0.003977997437861404,0.1
80,5,10,39,0.052586973094276054,0.03747779964122948,0.036796790129623974,0.015109173453046576,0.0006810095116055043,0.2
80,5,10,40,0.07757411544212017,0.053746447719334664,0.05057417061070174,0.02382766772278551,0.0031722771086329232,0.05
80,5,10,41,0.09059505221516809,0.06134190325485929,0.05704836204262701,0.029253148960308797,0.004293541212232278,0.1
80,5,10,42,0.07231923905956064,0.06697026212901924,0.06290289765429972,0.005348976930541399,0.0040673644747195176,0.2
80,5,10,43,0.0761288888905215,0.03743170153700115,0.03269378752670881,0.038697187353520346,0.004737914010292339,0.35
80,5,10,44,0.06735379972669761,0.06391020655360312,0.05965096895410377,0.003443593173094492,0.004259237599499352,0.05
80,5,10,45,0.10332091706565866,0.05120520634419899,0.04683685358059475,0.052115710721459665,0.004368352763604241,0.2
80,5,10,46,0.0702318832313761,0.04505965221213318,0.04123672631229913,0.025172231019242916,0.0038229258998340454,0.3
80,5,10,47,0.056769602963486446,0.04911697520777475,0.03538408836590594,0.007652627755711697,0.01373288684186881,0.1
80,5,10,48,0.07664540359960699,0.053813743773492344,0.05189901926714893,0.022831659826114646,0.0019147245063434112,0.05
80,5,10,49,0.09581853446662623,0.07571930770386477,0.07241500021291508,0.020099226762761463,0.00330430749094969,0.2
80,5,10,50,0.08130105134000519,0.07274048054497542,0.06901982525635939,0.008560570795029768,0.003720655288616037,0.0
80,5,10,51,0.07670512312644166,0.060487101319486425,0.05604871166684864,0.016218021806955238,0.004438389652637785,0.1
80,5,10,52,0.08674634023726879,0.05275528099937368,0.04574529429232514,0.03399105923789511,0.0070099867070485405,0.1
80,5,10,53,0.07215243732350832,0.06110928040725053,0.056433238611620196,0.01104315691625779,0.004676041795630331,0.15
80,5,10,54,0.05949369566960404,0.05155115199273205,0.04820397410059051,0.007942543676871985,0.003347177892141541,0.1
80,5,10,55,0.09352046566555562,0.08344317088610993,0.0761038419420838,0.010077294779445689,0.007339328944026127,0.2
80,5,10,56,0.04708400635385776,0.03902781764365412,0.03656071966369473,0.008056188710203638,0.002467097979959393,0.05
80,5,10,57,0.0833351742132254,0.04438190575380187,0.04115107946725489,0.038953268459423526,0.0032308262865469797,0.1
80,5,10,58,0.06941591667037705,0.0666369588724687,0.052745402660238784,0.002778957797908349,0.01389155621222992,0.05
80,5,10,59,0.046671283161604724,0.02282490345362404,0.02063634119181041,0.023846379707980682,0.0021885622618136313,0.15
80,5,10,60,0.06340741741270708,0.03811612790834542,0.035091764237278715,0.025291289504361665,0.0030243636710667043,0.0
80,5,10,61,0.05469000722788922,0.03790283651219666,0.03379469553421796,0.016787170715692558,0.004108140977978701,0.2
80,5,10,62,0.042571039047471844,0.039584175829685306,0.03303069241375041,0.002986863217786538,0.0065534834159348965,0.0
80,5,10,63,0.048300546105142644,0.03264275707784857,0.029305166233653455,0.015657789027294075,0.0033375908441951145,0.2
80,5,10,64,0.04887807068682175,0.04043579411594775,0.04000109838736651,0.008442276570874,0.00043469572858123584,0.05
80,5,10,65,0.04827789510329228,0.044972857170691466,0.04296880376689316,0.003305037932600813,0.002004053403798306,0.05
80,5,10,66,0.05181935609671787,0.03169505694062327,0.029731571212800685,0.020124299156094594,0.001963485727822588,0.15
80,5,10,67,0.09092590448226237,0.0483695606118166,0.04746985716653503,0.04255634387044577,0.0008997034452815703,0.1
80,5,10,68,0.07312892180641564,0.04134352723842184,0.02730356329380096,0.0317853945679938,0.014039963944620884,0.1
80,5,10,69,0.10689971062219196,0.05181067366951454,0.04499294317206054,0.05508903695267742,0.006817730497454003,0.4
80,5,10,70,0.07654028698706483,0.031419843319619375,0.026213708347932838,0.045120443667445456,0.005206134971686538,0.0
80,5,10,71,0.06419789998464473,0.03518097954445468,0.03310941541963452,0.029016920440190053,0.002071564124820159,0.05
80,5,10,72,0.08116040742411493,0.06609866437893115,0.0556199485252228,0.015061743045183776,0.010478715853708354,0.2
80,5,10,73,0.061487469794897644,0.04353775913351106,0.03565126104822287,0.017949710661386585,0.007886498085288192,0.1
80,5,10,74,0.06268075594910112,0.04162933524420904,0.036007753852460175,0.021051420704892083,0.005621581391748863,0.1
80,5,10,75,0.09402143293032256,0.039596146595437184,0.033410085000179515,0.05442528633488537,0.006186061595257669,0.1
80,5,10,76,0.0908056826353154,0.06918148018507805,0.06334531973476537,0.021624202450237343,0.005836160450312683,0.0
80,5,10,77,0.04957362315383792,0.04286477439039304,0.037395907753658066,0.00670884876344488,0.005468866636734973,0.15
80,5,10,78,0.05128468849301228,0.04238197430278626,0.03868670622371378,0.008902714190226022,0.0036952680790724793,0.1
80,5,10,79,0.0693189906909086,0.03913284202779377,0.03500815019071918,0.030186148663114837,0.00412469183707459,0.1
80,5,10,80,0.06327149022181573,0.04053916696147625,0.033427386112733076,0.022732323260339485,0.007111780848743171,0.05
80,5,10,81,0.04898018802065825,0.037785405194534154,0.03406014301914449,0.011194782826124093,0.003725262175389661,0.15
80,5,10,82,0.06839967750242847,0.044215360227306155,0.04215238944668895,0.02418431727512231,0.002062970780617207,0.1
80,5,10,83,0.08514625540662307,0.05128130007103258,0.04926083852863905,0.033864955335590495,0.002020461542393527,0.3
80,5,10,84,0.048759804701504775,0.046844420171628834,0.038432388205036125,0.0019153845298759409,0.008412031966592709,0.0
80,5,10,85,0.09497373004007095,0.0766887628401936,0.06979589881504683,0.01828496719987735,0.006892864025146772,0.3
80,5,10,86,0.09875729141248739,0.08163108258404023,0.07495959814953158,0.017126208828447162,0.006671484434508643,0.15
80,5,10,87,0.06380511919145916,0.057457533838085224,0.05086242674495739,0.006347585353373937,0.006595107093127835,0.1
80,5,10,88,0.06434239093023023,0.038211985761994215,0.03374219259643524,0.02613040516823601,0.004469793165558976,0.2
80,5,10,89,0.061245320492390655,0.052127619239672775,0.046483040326187205,0.00911770125271788,0.005644578913485569,0.2
80,5,10,90,0.09252929049545125,0.08433196987099047,0.07251736055305641,0.008197320624460783,0.011814609317934058,0.05
80,5,10,91,0.07887976907331673,0.061001840446756495,0.055252208337021214,0.017877928626560236,0.005749632109735281,0.1
80,5,10,92,0.052634663684544156,0.046730166900793416,0.04180351847971857,0.00590449678375074,0.004926648421074847,0.05
80,5,10,93,0.08064930010505318,0.036808693733286046,0.03585572496767751,0.043840606371767135,0.0009529687656085334,0.2
80,5,10,94,0.056583503029237245,0.04800171740798461,0.042098550325203064,0.008581785621252634,0.005903167082781546,0.1
80,5,10,95,0.048313053140015515,0.037202916419180145,0.02935681068951608,0.01111013672083537,0.007846105729664064,0.25
80,5,10,96,0.0483601803819521,0.032525560398321274,0.029166648795835685,0.015834619983630824,0.0033589116024855883,0.1
80,5,10,97,0.054454624041117214,0.03162169270891684,0.02492366992266854,0.022832931332200372,0.0066980227862483005,0.05
80,5,10,98,0.07429002476131874,0.06264200172851225,0.05712317172484496,0.011648023032806487,0.005518830003667291,0.15
80,5,10,99,0.04082376204764482,0.035215841838747486,0.03187939414288072,0.005607920208897332,0.0033364476958667663,0.05
80,5,10,100,0.07412588838523919,0.062462125996567766,0.054769971121632316,0.011663762388671423,0.00769215487493545,0.1
80,5,10,101,0.0767022362937457,0.07499057316024513,0.05966422485579841,0.0017116631335005739,0.015326348304446714,0.2
80,5,10,102,0.08276915260452886,0.04543035299534907,0.04062832231964635,0.03733879960917979,0.004802030675702715,0.3
80,5,10,103,0.07559704965872234,0.03830284401680319,0.033553378814621115,0.03729420564191915,0.004749465202182078,0.25
80,5,10,104,0.07137302569647566,0.05460154848300446,0.05051089826737559,0.0167714772134712,0.00409065021562887,0.1
80,5,10,105,0.06996641779361551,0.06890063026421822,0.06160028307594732,0.0010657875293972885,0.0073003471882709045,0.1
80,5,10,106,0.05263869523854867,0.03234273520956699,0.028266587907344903,0.02029596002898168,0.00407614730222209,0.1
80,5,10,107,0.07547334116103777,0.034837474219148346,0.029663422733382894,0.04063586694188942,0.005174051485765451,0.15
80,5,10,108,0.06339095674512481,0.048900255913775,0.04472409102183959,0.01449070083134981,0.004176164891935404,0.0
80,5,10,109,0.05391557827031172,0.026906956651170738,0.024814587577903283,0.027008621619140985,0.0020923690732674548,0.25
80,5,10,110,0.06599484929843683,0.05310790738024505,0.048319247646649105,0.012886941918191779,0.004788659733595942,0.0
80,5,10,111,0.06036711041987657,0.044513279292506994,0.04035045218340962,0.01585383112736958,0.004162827109097371,0.2
80,5,10,112,0.0389421432841518,0.031544178022188535,0.027433004802786796,0.007397965261963263,0.004111173219401739,0.0
80,5,10,113,0.07605207639580214,0.05180542794880283,0.04858901081378833,0.024246648446999308,0.0032164171350144988,0.3
80,5,10,114,0.07594071799084579,0.052900806649376214,0.04539942453229738,0.02303991134146957,0.007501382117078834,0.15
80,5,10,115,0.08605294480527945,0.04238196854823863,0.04157827548106814,0.04367097625704082,0.0008036930671704856,0.1
80,5,10,116,0.09797822071284465,0.06679454971213299,0.06403507737529467,0.031183671000711663,0.00275947233683832,0.05
80,5,10,117,0.07320497395608626,0.04792093683186928,0.0406404201166914,0.02528403712421698,0.007280516715177876,0.1
80,5,10,118,0.07097629224218596,0.04243330761643316,0.04035950912005123,0.028542984625752804,0.0020737984963819303,0.05
80,5,10,119,0.08624501549774885,0.054516634419876905,0.052219645850139856,0.031728381077871945,0.002296988569737049,0.3
80,5,10,120,0.08557188104734252,0.08496598024888775,0.0681199125265127,0.0006059007984547671,0.016846067722375055,0.05
80,5,10,121,0.06807257172489135,0.05108678448042452,0.045897354576684826,0.01698578724446683,0.0051894299037396965,0.2
80,5,10,122,0.05061324174806833,0.031470166990783185,0.025375157396534266,0.019143074757285147,0.006095009594248919,0.4
80,5,10,123,0.0739735738082964,0.04742357448500587,0.04194967250376848,0.02654999932329053,0.005473901981237393,0.15
80,5,10,124,0.05975229235753201,0.04291344551863138,0.03867051152517745,0.016838846838900627,0.0042429339934539345,0.05
80,5,10,125,0.05399140646715163,0.039289527736065116,0.03198658468166925,0.014701878731086512,0.007302943054395869,0.15
80,5,10,126,0.06190539924629548,0.04437509050008383,0.039889253999076134,0.01753030874621165,0.004485836501007694,0.2
80,5,10,127,0.0801198467075088,0.042161362501165964,0.03662241558278942,0.03795848420634283,0.005538946918376544,0.15
80,5,10,128,0.0688670650265495,0.05561566019674535,0.050412041979725486,0.01325140482980415,0.0052036182170198675,0.15
80,5,10,129,0.08241383618628097,0.05744067993628088,0.05018644952827957,0.024973156250000086,0.007254230408001314,0.0
80,5,10,130,0.05223292244709654,0.043081806380976556,0.03692999100901295,0.009151116066119985,0.006151815371963604,0.25
80,5,10,131,0.05270395470845898,0.04421895270030892,0.032897387893907226,0.008485002008150062,0.011321564806401695,0.15
80,5,10,132,0.06330155993396215,0.05276096948753123,0.048827153855167824,0.010540590446430922,0.003933815632363405,0.1
80,5,10,133,0.0936539446425986,0.03936742482591916,0.0387894384921462,0.054286519816679445,0.0005779863337729563,0.2
80,5,10,134,0.03676923701696039,0.034184255087130376,0.02893705337175529,0.0025849819298300117,0.0052472017153750855,0.2
80,5,10,135,0.05314577656073566,0.047769814803343434,0.03459535356023681,0.005375961757392224,0.013174461243106624,0.05
80,5,10,136,0.06708611564770145,0.05027102585603533,0.03997766897369033,0.01681508979166612,0.010293356882345,0.05
80,5,10,137,0.08617080652932518,0.051598488635813546,0.045278078540226974,0.03457231789351164,0.006320410095586572,0.1
80,5,10,138,0.049357911582753614,0.0484345298951732,0.03927318261565073,0.0009233816875804102,0.009161347279522475,0.3
80,5,10,139,0.08196800825316206,0.03757680946928417,0.02916968979858544,0.044391198783877886,0.00840711967069873,0.1
80,5,10,140,0.07916762870527497,0.05497867110675696,0.048273034731351874,0.02418895759851801,0.006705636375405083,0.2
80,5,10,141,0.055558280196723916,0.03393183705394511,0.031361392083825546,0.021626443142778805,0.002570444970119566,0.05
80,5,10,142,0.081524042959494,0.05761784917835622,0.053274079633428006,0.023906193781137786,0.004343769544928211,0.35
80,5,10,143,0.07927822955831554,0.05124592028366573,0.042907370582201926,0.028032309274649808,0.008338549701463804,0.1
80,5,10,144,0.06868598818221798,0.04726590629079238,0.044661285062640055,0.0214200818914256,0.002604621228152325,0.3
80,5,10,145,0.0487552539671448,0.04266181721385407,0.04115985947063599,0.006093436753290729,0.0015019577432180825,0.05
80,5,10,146,0.06595790124765911,0.032684165476827995,0.029608267740069985,0.03327373577083112,0.00307589773675801,0.0
80,5,10,147,0.08812126502355333,0.08164982960947555,0.07703703395136832,0.0064714354140777836,0.004612795658107224,0.3
80,5,10,148,0.04764709379086413,0.028897767633276717,0.021940225345302003,0.018749326157587416,0.006957542287974714,0.3
80,5,10,149,0.08574645147923646,0.06730882290107337,0.060157683225921355,0.018437628578163084,0.007151139675152018,0.2
80,5,10,150,0.05481535895972783,0.0456238669744187,0.04403509232318219,0.009191491985309136,0.0015887746512365103,0.1
80,6,10,1,0.08509197535707813,0.04208809337775214,0.03697098958723317,0.04300388197932599,0.0051171037905189745,0.05
80,6,10,2,0.05550759198675623,0.031841897940267205,0.029364847116403456,0.023665694046489022,0.0024770508238637495,0.15
80,6,10,3,0.042717924282179964,0.032672222852274925,0.026876673752017882,0.01004570142990504,0.005795549100257043,0.0
80,6,10,4,0.05175615035189547,0.04104944533370582,0.039508740184845695,0.010706705018189655,0.001540705148860122,0.2
80,6,10,5,0.09721013413927182,0.08766251777147321,0.08685221311951444,0.009547616367798606,0.0008103046519587764,0.15
80,6,10,6,0.06374923695166182,0.05267621380866658,0.04853522047950057,0.011073023142995242,0.0041409933291660095,0.15
80,6,10,7,0.06706787677507292,0.04780314472521406,0.043648330747288966,0.01926473204985886,0.004154813977925095,0.2
80,6,10,8,0.07945553057180967,0.05813676755731471,0.04405509019079549,0.02131876301449496,0.014081677366519219,0.0
80,6,10,9,0.07548163532520556,0.04477621482757855,0.04365995445739969,0.030705420497627013,0.0011162603701788607,0.1
80,6,10,10,0.04814551638938998,0.027581310028778304,0.027684653808855205,0.020564206360611674,-0.00010334378007690118,0.15
80,6,10,11,0.08695474776416862,0.079507542912925,0.07490893429139797,0.007447204851243616,0.004598608621527028,0.2
80,6,10,12,0.044752804743394284,0.03666706567128568,0.03571286630975448,0.008085739072108605,0.0009541993615311967,0.0
80,6,10,13,0.09577630556432708,0.05920512257252892,0.05576617498688702,0.03657118299179816,0.003438947585641901,0.15
80,6,10,14,0.06521864737446069,0.053145533091481914,0.040056583620622255,0.012073114282978775,0.01308894947085966,0.0
80,6,10,15,0.10964340526789296,0.08343790202650166,0.07415699595670622,0.0262055032413913,0.009280906069795439,0.05
80,6,10,16,0.07342775441712211,0.04839222709702827,0.04600309092206774,0.025035527320093842,0.002389136174960532,0.3
80,6,10,17,0.052289143487054296,0.04497070231875256,0.04234440157348187,0.007318441168301736,0.0026263007452706905,0.2
80,6,10,18,0.07587519388155409,0.05547020658757008,0.04817941012065772,0.02040498729398401,0.007290796466912358,0.2
80,6,10,19,0.09478817548157423,0.05138824022477288,0.039362532255634325,0.043399935256801345,0.012025707969138558,0.05
80,6,10,20,0.08594055381993905,0.057320242822401814,0.05252644087128096,0.028620310997537236,0.004793801951120856,0.25
80,6,10,21,0.054586446142930165,0.03404843437820673,0.028688102345184194,0.020538011764723432,0.0053603320330225385,0.4
80,6,10,22,0.08455540781720255,0.047731986984052885,0.04689407711995558,0.03682342083314967,0.0008379098640973054,0.15
80,6,10,23,0.07942709498743547,0.04974365318803181,0.04549717638311223,0.02968344179940366,0.004246476804919581,0.05
80,6,10,24,0.07013739774240764,0.04139255648113599,0.03964232090439569,0.02874484126127165,0.0017502355767402972,0.1
80,6,10,25,0.08177651747149196,0.062137964637436684,0.05823104536084857,0.01963855283405528,0.003906919276588115,0.1
80,6,10,26,0.1059024418332537,0.060755747481956876,0.05763979821683426,0.045146694351296826,0.003115949265122618,0.1
80,6,10,27,0.10430574216430238,0.07966870178887528,0.07550396213743642,0.024637040375427105,0.004164739651438862,0.05
80,6,10,28,0.07632857093694811,0.05289168082606036,0.05205345499816556,0.023436890110887752,0.0008382258278947993,0.0
80,6,10,29,0.07394126012121068,0.04053256234039833,0.040753186005826614,0.033408697780812346,-0.00022062366542828504,0.05
80,6,10,30,0.05390747572779056,0.048779823044610246,0.038301167277016115,0.005127652683180314,0.01047865576759413,0.15
80,6,10,31,0.056797102428738803,0.060772437014957124,0.049948514207993386,-0.003975334586218321,0.010823922806963739,0.05
80,6,10,32,0.07404208288006897,0.05052010164766013,0.04947966372098677,0.02352198123240884,0.0010404379266733613,0.15
80,6,10,33,0.07036494410779978,0.034160304514835906,0.028656090364725474,0.036204639592963876,0.005504214150110431,0.1
80,6,10,34,0.06195731293344663,0.045076317000218184,0.04216725481961037,0.01688099593322845,0.0029090621806078173,0.05
80,6,10,35,0.05674347905220667,0.04083492386990264,0.0378534470324707,0.01590855518230403,0.00298147683743194,0.35
80,6,10,36,0.04735965722319246,0.03477012917412016,0.034106889299791165,0.012589528049072297,0.0006632398743289941,0.05
80,6,10,37,0.08110464324407457,0.045041095027200044,0.04242827482038061,0.036063548216874526,0.0026128202068194314,0.05
80,6,10,38,0.08989270411922169,0.06343180567112153,0.05914488630118378,0.026460898448100165,0.004286919369937747,0.05
80,6,10,39,0.07540285421434198,0.045773771037845086,0.04304873390246227,0.029629083176496894,0.0027250371353828157,0.15
80,6,10,40,0.050654797353401906,0.03381673940830272,0.032383805989099894,0.016838057945099183,0.0014329334192028295,0.3
80,6,10,41,0.053776674840340384,0.031673000146034164,0.02919876936265014,0.02210367469430622,0.002474230783384025,0.05
80,6,10,42,0.061436097031109804,0.04083181242090303,0.033754124174514843,0.020604284610206774,0.007077688246388186,0.1
80,6,10,43,0.08609942130922339,0.06595025437137642,0.06433237700881454,0.020149166937846977,0.001617877362561873,0.05
80,6,10,44,0.09466388223365077,0.06724809161176179,0.06162116146074142,0.02741579062188898,0.005626930151020372,0.1
80,6,10,45,0.055694112647106754,0.04115768269224813,0.038226826930361536,0.014536429954858626,0.0029308557618865916,0.15
80,6,10,46,0.10834267296561986,0.05770857880955231,0.05341535555899691,0.05063409415606755,0.004293223250555402,0.0
80,6,10,47,0.047105334460571295,0.034769770158012005,0.028680247049887562,0.01233556430255929,0.006089523108124443,0.0
80,6,10,48,0.11171353286421606,0.06244099878410514,0.06027982595702527,0.049272534080110925,0.0021611728270798727,0.05
80,6,10,49,0.08679800444280189,0.056310464518109296,0.05558371237954921,0.030487539924692594,0.0007267521385600842,0.1
80,6,10,50,0.07454796576173048,0.03972082079873541,0.03493047607937596,0.03482714496299507,0.004790344719359449,0.0
80,6,10,51,0.07412790583620008,0.05698051864736818,0.05245795092124535,0.017147387188831895,0.004522567726122834,0.2
80,6,10,52,0.05149552611470021,0.0342655475642953,0.030887470011883432,0.01722997855040491,0.0033780775524118664,0.1
80,6,10,53,0.04871034601231361,0.047919017325053534,0.041091553107511225,0.0007913286872600761,0.006827464217542309,0.2
80,6,10,54,0.05178174181819534,0.039261441710855306,0.03266930313230352,0.01252030010734003,0.006592138578551787,0.2
80,6,10,55,0.07871439550128564,0.05443973950238997,0.048899529961647106,0.024274655998895674,0.0055402095407428645,0.3
80,6,10,56,0.07059585532119544,0.04864390788029325,0.041837487303222266,0.021951947440902196,0.006806420577070982,0.2
80,6,10,57,0.0779144012977,0.057918342436289016,0.05509864699918533,0.01999605886141098,0.0028196954371036836,0.05
80,6,10,58,0.09885640399408921,0.07589571982602045,0.06714726850211367,0.022960684168068762,0.00874845132390678,0.2
80,6,10,59,0.07616763573428832,0.05645163773247594,0.05548432096972557,0.019715998001812382,0.0009673167627503726,0.25
80,6,10,60,0.07458943094249815,0.059150818000239413,0.05704052090614191,0.015438612942258734,0.0021102970940975047,0.05
80,6,10,61,0.07726085385602936,0.06665815317146398,0.059556671165232174,0.010602700684565383,0.007101482006231806,0.0
80,6,10,62,0.0901441195265636,0.07307400006741978,0.06791163660979935,0.01707011945914383,0.005162363457620431,0.15
80,6,10,63,0.05997480498698979,0.03456016789382161,0.026984167126703405,0.02541463709316818,0.007576000767118205,0.1
80,6,10,64,0.0480477572867817,0.03487013746011989,0.03054040836165125,0.01317761982666181,0.00432972909846864,0.15
80,6,10,65,0.08684898759408817,0.057815303805772156,0.057347163359724285,0.029033683788316014,0.0004681404460478711,0.05
80,6,10,66,0.06510459823282869,0.04624792264156272,0.043606182690028555,0.018856675591265963,0.002641739951534168,0.0
80,6,10,67,0.06973172671557651,0.04025717665447748,0.03667275161876389,0.02947455006109903,0.003584425035713587,0.05
80,6,10,68,0.07220717635119016,0.04782930506867673,0.045116030529851504,0.02437787128251343,0.002713274538825222,0.05
80,6,10,69,0.06394714751721589,0.03855452971576469,0.031413201684515654,0.025392617801451203,0.0071413280312490335,0.15
80,6,10,70,0.08255491606684928,0.06403107412370257,0.06116305968000885,0.018523841943146713,0.0028680144436937227,0.2
80,6,10,71,0.09861262458681966,0.07767742178764252,0.07018103040959595,0.02093520279917714,0.007496391378046571,0.0
80,6,10,72,0.07185002379863159,0.06745138807102649,0.06189777134981014,0.004398635727605099,0.005553616721216348,0.0
80,6,10,73,0.14606370912742403,0.120618408652903,0.11852777308499501,0.025445300474521024,0.002090635567907992,0.2
80,6,10,74,0.06262203423470662,0.04869518588153435,0.04440998131974133,0.013926848353172275,0.004285204561793016,0.0
80,6,10,75,0.08076175638979652,0.05262120769246187,0.04861364695497669,0.02814054869733465,0.004007560737485177,0.4
80,6,10,76,0.07452554964988471,0.03522878705707227,0.03230534973171972,0.039296762592812444,0.0029234373253525514,0.1
80,6,10,77,0.057475122591975576,0.03867157709936413,0.031077074511885024,0.01880354549261145,0.007594502587479103,0.0
80,6,10,78,0.07604264273695682,0.05406845694440914,0.05270901099492997,0.02197418579254768,0.0013594459494791697,0.25
80,6,10,79,0.08344873101678135,0.08015291046018583,0.07524706711983192,0.0032958205565955245,0.004905843340353905,0.05
80,6,10,80,0.05629446398043342,0.043366969861840375,0.04045930828559391,0.012927494118593043,0.002907661576246466,0.25
80,6,10,81,0.03942039393608472,0.03530571007967129,0.02948410593966306,0.004114683856413434,0.005821604140008228,0.1
80,6,10,82,0.062235534179071475,0.05899534347662762,0.04779137638312419,0.003240190702443857,0.01120396709350343,0.1
80,6,10,83,0.07435883052795021,0.050224236298490196,0.049058906154461096,0.024134594229460016,0.0011653301440291003,0.15
80,6,10,84,0.07786071866332274,0.06003195353555785,0.057284797814347775,0.017828765127764892,0.002747155721210072,0.2
80,6,10,85,0.04228229600020758,0.04397833564207579,0.037526674724119656,-0.0016960396418682078,0.006451660917956133,0.25
80,6,10,86,0.06247219740562771,0.052109144598568066,0.04330159469645242,0.010363052807059646,0.008807549902115644,0.2
80,6,10,87,0.05574617563557707,0.038619560460132756,0.03207405852339312,0.017126615175444317,0.0065455019367396325,0.05
80,6,10,88,0.1003561779066255,0.08206415327116916,0.07040426559588976,0.018292024635456344,0.011659887675279396,0.05
80,6,10,89,0.06442427035366502,0.050780709744557354,0.048864092823239405,0.013643560609107666,0.0019166169213179485,0.05
80,6,10,90,0.06523069752562857,0.059120138227149364,0.05477054982188273,0.006110559298479208,0.004349588405266634,0.0
80,6,10,91,0.07344387441112948,0.047616519429587084,0.040215205976109614,0.0258273549815424,0.0074013134534774705,0.1
80,6,10,92,0.07388607087370652,0.045112921073020715,0.04299280621323161,0.028773149800685807,0.0021201148597891073,0.05
80,6,10,93,0.06282793275832099,0.045752429159279864,0.03646645064232766,0.017075503599041128,0.009285978516952204,0.1
80,6,10,94,0.07611421961580181,0.06305906103058553,0.06307123302109477,0.013055158585216275,-1.2171990509235453e-05,0.25
80,6,10,95,0.07710867653166152,0.05636567090549511,0.052128766261249015,0.020743005626166412,0.004236904644246094,0.1
80,6,10,96,0.06795617983147256,0.03329259416160912,0.032539030212596604,0.034663585669863446,0.0007535639490125132,0.1
80,6,10,97,0.07720167191820651,0.05419767662761649,0.051140497530528475,0.023003995290590024,0.0030571790970880114,0.1
80,6,10,98,0.07511623463348657,0.06409576624060034,0.05696455436700262,0.011020468392886229,0.00713121187359772,0.2
80,6,10,99,0.06821439276339522,0.05403395205260067,0.048151048173547206,0.01418044071079455,0.005882903879053464,0.1
80,6,10,100,0.06838455719515477,0.05490446053795663,0.04532630218444944,0.013480096657198133,0.009578158353507192,0.0
80,6,10,101,0.09729438114020258,0.06791172208951476,0.062257181415670965,0.02938265905068782,0.0056545406738438,0.1
80,6,10,102,0.09772866790612104,0.07394262846028604,0.07110338618434998,0.023786039445835003,0.0028392422759360575,0.05
80,6,10,103,0.06203308891832818,0.03847495726406064,0.036303187059443257,0.02355813165426754,0.002171770204617382,0.1
80,6,10,104,0.0923809103009322,0.07585483600942936,0.07260016975039747,0.01652607429150285,0.0032546662590318826,0.15
80,6,10,105,0.08305502147652269,0.06217635589811267,0.057961624167260625,0.02087866557841002,0.004214731730852045,0.1
80,6,10,106,0.09491391757943077,0.05183372607484798,0.04914218519519539,0.04308019150458279,0.002691540879652586,0.15
80,6,10,107,0.08065143465373154,0.04768175630236039,0.04649368564996895,0.03296967835137114,0.0011880706523914458,0.05
80,6,10,108,0.059954498510463784,0.040242596203343695,0.037250597571476925,0.01971190230712009,0.00299199863186677,0.2
80,6,10,109,0.08590726466419799,0.06931553721505476,0.06052469573177004,0.016591727449143223,0.008790841483284725,0.0
80,6,10,110,0.06233489600173775,0.04710104886800779,0.04072787038668771,0.01523384713372996,0.006373178481320081,0.25
80,6,10,111,0.08024200410016005,0.05626434702830303,0.04664078438813793,0.02397765707185702,0.009623562640165104,0.2
80,6,10,112,0.09243883214675874,0.07113564315436391,0.06852016544613332,0.021303188992394834,0.0026154777082305902,0.1
80,6,10,113,0.07904747458933933,0.056396526583311186,0.055111876078686006,0.022650948006028147,0.0012846505046251802,0.05
80,6,10,114,0.08549214463076507,0.05729516609405202,0.04898568807843398,0.028196978536713053,0.008309478015618037,0.05
80,6,10,115,0.08611795611325698,0.06729546652828505,0.05960892078123677,0.01882248958497193,0.00768654574704828,0.2
80,6,10,116,0.07244847632433699,0.04422857839433828,0.04074549477934003,0.028219897929998704,0.0034830836149982516,0.0
80,6,10,117,0.0454277019658145,0.029148208538396097,0.02833559463958733,0.016279493427418402,0.0008126138988087672,0.05
80,6,10,118,0.05970661435490313,0.04855309860026336,0.041924950110632034,0.01115351575463977,0.006628148489631329,0.15
80,6,10,119,0.06232945524817611,0.03763756116635992,0.03362779914440479,0.02469189408181619,0.004009762021955132,0.05
80,6,10,120,0.06266928185850512,0.039358267473123085,0.03314358339578155,0.023311014385382037,0.006214684077341534,0.05
80,6,10,121,0.07464249119978832,0.0491359223416617,0.04789707586053765,0.02550656885812662,0.0012388464811240452,0.1
80,6,10,122,0.05217136423247068,0.043213218668141276,0.038004842474293504,0.008958145564329403,0.005208376193847772,0.2
80,6,10,123,0.07982229450306683,0.05276516542831421,0.05200167919063238,0.027057129074752613,0.0007634862376818333,0.1
80,6,10,124,0.1079662199135144,0.09177558739207906,0.09033878646132346,0.01619063252143535,0.0014368009307555996,0.45
80,6,10,125,0.07459506948984501,0.06756577329214972,0.06245580815306192,0.007029296197695295,0.005109965139087798,0.2
80,6,10,126,0.08455201867449222,0.06651110895512717,0.059169388919413465,0.018040909719365048,0.007341720035713706,0.1
80,6,10,127,0.07156215335271758,0.05534598330982115,0.05472165200869353,0.01621617004289643,0.0006243313011276216,0.05
80,6,10,128,0.10638024251949488,0.08034108167213978,0.07791048771979918,0.026039160847355095,0.002430593952340604,0.4
80,6,10,129,0.060271302707375206,0.049299606346693836,0.04753415381360873,0.01097169636068137,0.0017654525330851045,0.0
80,6,10,130,0.05832622353660242,0.05825217507262982,0.050773352526125734,7.404846397259662e-05,0.007478822546504088,0.0
80,6,10,131,0.09856137440425501,0.06893909167140522,0.06138210073350067,0.029622282732849795,0.007556990937904545,0.2
80,6,10,132,0.09245678748019479,0.07726068629865018,0.0713963374156524,0.015196101181544602,0.0058643488829977775,0.1
80,6,10,133,0.049427873891803864,0.034067661850366374,0.031126472587709612,0.01536021204143749,0.0029411892626567612,0.2
80,6,10,134,0.05978675226090824,0.05287182620741386,0.04709394823947173,0.006914926053494377,0.00577787796794213,0.15
80,6,10,135,0.08465844756550553,0.0488198100548993,0.03960784630554541,0.03583863751060623,0.009211963749353888,0.05
80,6,10,136,0.08208273788130237,0.07893301757715593,0.07017858365584348,0.003149720304146439,0.008754433921312449,0.0
80,6,10,137,0.05757916425458155,0.04849651350685278,0.043493748257931945,0.009082650747728772,0.005002765248920835,0.05
80,6,10,138,0.06875196747335109,0.05978236851763324,0.05097981676946287,0.008969598955717854,0.008802551748170365,0.05
80,6,10,139,0.0402875451381384,0.031233800383736115,0.028724133191539096,0.009053744754402283,0.002509667192197019,0.1
80,6,10,140,0.09212117904191464,0.07489486333340498,0.07213100282483914,0.01722631570850966,0.002763860508565835,0.15
80,6,10,141,0.0823543837307161,0.05753896235704241,0.052484452036914216,0.024815421373673693,0.005054510320128193,0.05
80,6,10,142,0.11553470834265785,0.07489815651687637,0.0677864730710128,0.04063655182578148,0.007111683445863562,0.2
80,6,10,143,0.08719200211829883,0.043526386922720144,0.03946763233750726,0.04366561519557869,0.004058754585212883,0.05
80,6,10,144,0.06678644280584026,0.05055971298911021,0.0430404626976015,0.016226729816730047,0.007519250291508711,0.1
80,6,10,145,0.0451605248388105,0.03389162497002338,0.028311123807605656,0.011268899868787118,0.005580501162417727,0.25
80,6,10,146,0.053081493468099435,0.04682680965531065,0.03646859740509714,0.006254683812788785,0.010358212250213508,0.2
80,6,10,147,0.05979427294934241,0.03892276827678812,0.03670883645484889,0.020871504672554296,0.0022139318219392273,0.25
80,6,10,148,0.059032227350944724,0.044927589847271326,0.04243545823403614,0.014104637503673398,0.0024921316132351864,0.05
80,6,10,149,0.05192293677318408,0.044673848464611525,0.04492797722609568,0.007249088308572557,-0.0002541287614841528,0.05
80,6,10,150,0.08827433913155061,0.054535560460104264,0.0499226348862548,0.03373877867144635,0.004612925573849465,0.1
120,5,12,1,0.041600985582424546,0.032627524578373535,0.029388447573101356,0.008973461004051012,0.0032390770052721785,0.0
120,5,12,2,0.02693424018577889,0.021442122834407194,0.018692509598846364,0.005492117351371697,0.0027496132355608292,0.06666666666666667
120,5,12,3,0.042227026013270545,0.03459298028352615,0.03181240613456159,0.007634045729744396,0.002780574148964557,0.0
120,5,12,4,0.041766292297114455,0.03602131918445983,0.03004125069604824,0.005744973112654622,0.005980068488411594,0.03333333333333333
120,5,12,5,0.06422158946871004,0.0370468619269147,0.030605003131624443,0.02717472754179534,0.0064418587952902555,0.2
120,5,12,6,0.04248300280740787,0.0229661494037863,0.01905673156762129,0.019516853403621567,0.003909417836165011,0.03333333333333333
120,5,12,7,0.06867140787138758,0.04510205853782165,0.044532465553594955,0.023569349333565928,0.0005695929842266939,0.2
120,5,12,8,0.05510031927735601,0.04771350321584586,0.04372750224108459,0.007386816061510149,0.003986000974761268,0.13333333333333333
120,5,12,9,0.05007710729084666,0.03361288713221676,0.029802696241900413,0.016464220158629903,0.0038101908903163464,0.03333333333333333
120,5,12,10,0.07382946640022994,0.05622589502520167,0.054724342950020016,0.01760357137502827,0.0015015520751816558,0.13333333333333333
120,5,12,11,0.05261698553542625,0.03235646674124041,0.030664628331502863,0.02026051879418584,0.001691838409737547,0.2
120,5,12,12,0.04414909675371591,0.031087162621105842,0.027320263214053335,0.013061934132610066,0.003766899407052507,0.1
120,5,12,13,0.0633539258927417,0.046047430159104286,0.0440447770907825,0.01730649573363742,0.002002653068321786,0.1
120,5,12,14,0.04856175686203082,0.03408100366372997,0.031230815567708715,0.014480753198300847,0.002850188096021257,0.06666666666666667
120,5,12,15,0.04963596821232932,0.03428383914702608,0.029720925669301797,0.015352129065303241,0.0045629134777242855,0.1
120,5,12,16,0.03937799785673039,0.02950975037146941,0.026840011052886557,0.009868247485260984,0.002669739318582852,0.0
120,5,12,17,0.07238263855855157,0.058848664997383324,0.056232648944082225,0.013533973561168242,0.0026160160533010984,0.06666666666666667
120,5,12,18,0.08522741931555966,0.040474432245015055,0.03900406317804293,0.044752987070544606,0.0014703690669721214,0.06666666666666667
120,5,12,19,0.04834566568642381,0.031732393287220155,0.026453762199383682,0.016613272399203655,0.005278631087836473,0.16666666666666666
120,5,12,20,0.04358954795069207,0.030314564401338225,0.02966286976183276,0.013274983549353848,0.0006516946395054637,0.06666666666666667
120,5,12,21,0.04938863779526623,0.03718518831025698,0.03603120743575909,0.012203449485009246,0.0011539808744978897,0.06666666666666667
120,5,12,22,0.04529529549906607,0.04200392086342315,0.035774084733822945,0.00329137463564292,0.006229836129600208,0.03333333333333333
120,5,12,23,0.03471416698084502,0.02399376984301048,0.021317249150224826,0.010720397137834542,0.0026765206927856534,0.03333333333333333
120,5,12,24,0.03879499143102648,0.03061630710432004,0.02933902115729521,0.008178684326706438,0.0012772859470248296,0.13333333333333333
120,5,12,25,0.07262073085169385,0.060705959330543215,0.05922025334177991,0.011914771521150634,0.0014857059887633042,0.2
120,5,12,26,0.05049432589338258,0.029944026986715572,0.02579904593665594,0.02055029890666701,0.0041449810500596325,0.0
120,5,12,27,0.06309069739191464,0.04154421580869706,0.036454949478047935,0.021546481583217578,0.005089266330649128,0.06666666666666667
120,5,12,28,0.042125548773298355,0.03080270941699055,0.02662501148979604,0.011322839356307804,0.00417769792719451,0.03333333333333333
120,5,12,29,0.0425894057366086,0.03340013315948344,0.029184302165005203,0.009189272577125158,0.004215830994478236,0.06666666666666667
120,5,12,30,0.06063929839372857,0.024438780173856457,0.02208329726162328,0.036200518219872115,0.002355482912233177,0.0
120,5,12,31,0.0418305107604067,0.0324733761084334,0.02993757579747453,0.009357134651973298,0.002535800310958871,0.03333333333333333
120,5,12,32,0.0493984116052177,0.03426571694369358,0.029914220407534907,0.015132694661524115,0.004351496536158676,0.03333333333333333
120,5,12,33,0.039397256735525674,0.025000212225907023,0.023191509738695163,0.01439704450961865,0.00180870248721186,0.13333333333333333
120,5,12,34,0.030176404509257067,0.027769290916546688,0.026515899010421867,0.0024071135927103797,0.0012533919061248205,0.2
120,5,12,35,0.03830295099034283,0.025879999146264585,0.022047658922828436,0.012422951844078246,0.003832340223436148,0.03333333333333333
120,5,12,36,0.03982460158047854,0.031232548826244322,0.02858837760959588,0.00859205275423422,0.002644171216648443,0.06666666666666667
120,5,12,37,0.04167133104503819,0.03655162671714472,0.03475018586945214,0.005119704327893465,0.0018014408476925842,0.13333333333333333
120,5,12,38,0.035496526136194466,0.019401423476358138,0.019065251514428647,0.016095102659836328,0.0003361719619294906,0.1
120,5,12,39,0.031013647661202088,0.027103594390626547,0.021286696264204315,0.003910053270575541,0.005816898126422231,0.13333333333333333
120,5,12,40,0.045289669373443475,0.023582790190307353,0.020582288285137182,0.021706879183136123,0.0030005019051701706,0.1
120,5,12,41,0.03873642848651012,0.029439256825160305,0.02822501932920088,0.009297171661349815,0.0012142374959594263,0.1
120,5,12,42,0.05130284718191147,0.025889509935182478,0.02366253129583739,0.025413337246728993,0.0022269786393450883,0.0
120,5,12,43,0.04612258387830394,0.02654195364818098,0.02558054908810964,0.019580630230122957,0.0009614045600713425,0.3333333333333333
120,5,12,44,0.054466754518088176,0.03739826831276505,0.033522665124118195,0.017068486205323127,0.0038756031886468534,0.13333333333333333
120,5,12,45,0.0389681548160663,0.03166769984608562,0.030174522084994465,0.007300454969980684,0.0014931777610911537,0.0
120,5,12,46,0.047220239176276296,0.034420987304126086,0.032860189995072286,0.01279925187215021,0.001560797309053799,0.13333333333333333
120,5,12,47,0.04658262821482365,0.03226946669861015,0.029075988998775885,0.0143131615162135,0.003193477699834267,0.13333333333333333
120,5,12,48,0.053221842152061175,0.04197681771404967,0.04009852788853921,0.011245024438011501,0.0018782898255104638,0.03333333333333333
120,5,12,49,0.05003540711244592,0.0402950416985809,0.039642824496628086,0.00974036541386502,0.0006522172019528122,0.03333333333333333
120,5,12,50,0.06365814362676078,0.02219277187343907,0.018562220418700422,0.04146537175332171,0.0036305514547386487,0.13333333333333333
120,5,12,51,0.054753740798016315,0.030178720494836928,0.024580529855027365,0.024575020303179387,0.005598190639809562,0.1
120,5,12,52,0.03680941341621034,0.02882547199514829,0.02738369352895276,0.007983941421062055,0.0014417784661955278,0.0
120,5,12,53,0.046377715038352356,0.04086494723473123,0.03492246407028018,0.005512767803621123,0.005942483164451055,0.1
120,5,12,54,0.04171708291002804,0.03125546373599328,0.026796422860717067,0.010461619174034764,0.00445904087527621,0.06666666666666667
120,5,12,55,0.055923829326902694,0.037688233552674116,0.03512725335863886,0.018235595774228577,0.0025609801940352575,0.03333333333333333
120,5,12,56,0.05965300161706835,0.045268933338354064,0.04244505957730544,0.014384068278714288,0.0028238737610486245,0.16666666666666666
120,5,12,57,0.07315944263495032,0.051734902680526385,0.04915053683515269,0.021424539954423935,0.002584365845373693,0.06666666666666667
120,5,12,58,0.038771957984800307,0.028914755379589884,0.027323034490411974,0.009857202605210422,0.0015917208891779097,0.1
120,5,12,59,0.05639325094008742,0.046714491076020756,0.046519611274318896,0.00967875986406666,0.00019487980170185965,0.06666666666666667
120,5,12,60,0.03266638946468389,0.02903523497106025,0.025321238372124973,0.003631154493623643,0.003713996598935277,0.06666666666666667
120,5,12,61,0.05561995703955956,0.03655835792096071,0.03370936044593645,0.01906159911859885,0.002848997475024262,0.1
120,5,12,62,0.0312144486186703,0.020109119852594746,0.013817328743546166,0.011105328766075555,0.006291791109048581,0.16666666666666666
120,5,12,63,0.035208179179505104,0.026062625321571116,0.024808377695103693,0.009145553857933988,0.001254247626467423,0.13333333333333333
120,5,12,64,0.05385604168282018,0.03928681798744609,0.03758511400730133,0.01456922369537409,0.0017017039801447628,0.0
120,5,12,65,0.05921850082972156,0.03826812534526681,0.03709509416987511,0.020950375484454754,0.0011730311753916992,0.0
120,5,12,66,0.0763643843525407,0.04928526325891121,0.04865037470971662,0.02707912109362949,0.0006348885491945858,0.03333333333333333
120,5,12,67,0.045501935248719115,0.03383412355383727,0.030504282582147494,0.011667811694881847,0.0033298409716897744,0.1
120,5,12,68,0.03003707686202453,0.024413397878522567,0.021699199837489296,0.005623678983501964,0.0027141980410332715,0.2
120,5,12,69,0.09723231434648545,0.055192828177680744,0.05460802959866055,0.04203948616880471,0.0005847985790201973,0.16666666666666666
120,5,12,70,0.07411189277777284,0.03575826888759202,0.03127028118639856,0.03835362389018083,0.004487987701193456,0.23333333333333334
120,5,12,71,0.060655004498634875,0.031015853228973277,0.027892654378546877,0.029639151269661598,0.0031231988504264,0.1
120,5,12,72,0.05728779434464847,0.0412987368472872,0.03695278846590922,0.01598905749736127,0.00434594838137798,0.0
120,5,12,73,0.05105195287142305,0.024462646053852614,0.020064012736499937,0.026589306817570435,0.004398633317352678,0.1
120,5,12,74,0.0617975489685771,0.032052322573314494,0.027228622665225265,0.029745226395262607,0.0048236999080892295,0.1
120,5,12,75,0.03945364424446053,0.02766504777258493,0.025072312766383744,0.0117885964718756,0.0025927350062011877,0.16666666666666666
120,5,12,76,0.05765151709014341,0.04552929513591032,0.04439109489831923,0.01212222195423309,0.0011382002375910916,0.06666666666666667
120,5,12,77,0.05474220918505077,0.034390317096532744,0.03299170896389927,0.02035189208851803,0.0013986081326334762,0.16666666666666666
120,5,12,78,0.04610519402356843,0.031460284324747484,0.029724919649191696,0.014644909698820943,0.001735364675555788,0.06666666666666667
120,5,12,79,0.044467527278140434,0.03674241308673819,0.034818259094072865,0.007725114191402246,0.0019241539926653228,0.03333333333333333
120,5,12,80,0.0721583507938407,0.03462980741741573,0.031115871832495867,0.037528543376424965,0.0035139355849198653,0.1
120,5,12,81,0.05472938709830176,0.04489481246184758,0.041453756817335895,0.00983457463645418,0.0034410556445116855,0.1
120,5,12,82,0.0643614086287981,0.048268198103392994,0.04311119082006168,0.016093210525405112,0.005157007283331315,0.1
120,5,12,83,0.04516658501408956,0.0464401225838859,0.042341642123777265,-0.0012735375697963403,0.004098480460108633,0.06666666666666667
120,5,12,84,0.08380298788945588,0.04992618576002136,0.04840747553759098,0.033876802129434516,0.0015187102224303861,0.06666666666666667
120,5,12,85,0.059908828617774655,0.03786344683316819,0.035726829958620844,0.022045381784606466,0.002136616874547345,0.2
120,5,12,86,0.045932517081869254,0.02887517732506103,0.028347478487316738,0.017057339756808225,0.0005276988377442907,0.06666666666666667
120,5,12,87,0.06509263747652808,0.05338753264568155,0.05148204129064299,0.011705104830846524,0.0019054913550385633,0.16666666666666666
120,5,12,88,0.031374391070188856,0.01944996751057318,0.01680009041039061,0.011924423559615677,0.002649877100182569,0.26666666666666666
120,5,12,89,0.05485057394871172,0.04171356480097258,0.04040797533328076,0.013137009147739138,0.0013055894676918187,0.13333333333333333
120,5,12,90,0.054278286324390204,0.040842201496517565,0.037116234354510495,0.01343608482787264,0.0037259671420070695,0.13333333333333333
120,5,12,91,0.051967537158465665,0.028318210560953683,0.025888976917404875,0.023649326597511983,0.0024292336435488074,0.13333333333333333
120,5,12,92,0.043487756860070136,0.03330403756538206,0.030017431947874318,0.010183719294688073,0.0032866056175077443,0.03333333333333333
120,5,12,93,0.050642991802430884,0.03258903398165382,0.02767394183435483,0.018053957820777067,0.004915092147298988,0.06666666666666667
120,5,12,94,0.06084360521550846,0.05295789410606095,0.04988089928007922,0.00788571110944751,0.003076994825981727,0.03333333333333333
120,5,12,95,0.07796848439601023,0.06198613532059855,0.05859385020971117,0.015982349075411677,0.0033922851108873844,0.0
120,5,12,96,0.04645658258589172,0.03707867175375466,0.03453398849938258,0.009377910832137057,0.002544683254372085,0.13333333333333333
120,5,12,97,0.06847560997548788,0.047159253070817767,0.04560404519053121,0.02131635690467011,0.0015552078802865549,0.03333333333333333
120,5,12,98,0.04223335280611014,0.029212742827912076,0.0282510537444991,0.013020609978198063,0.0009616890834129761,0.2
120,5,12,99,0.04617752627858274,0.04196976807795978,0.03673148164576369,0.004207758200622955,0.005238286432196093,0.06666666666666667
120,5,12,100,0.0319256547937397,0.024072744769682422,0.02356195406278354,0.007852910024057275,0.0005107907068988837,0.03333333333333333
120,5,12,101,0.046926525901714526,0.03886685859301751,0.03657222110916321,0.008059667308697019,0.002294637483854299,0.13333333333333333
120,5,12,102,0.039806720906785616,0.03417632856484637,0.03171638558513894,0.005630392341939246,0.002459942979707433,0.0
120,5,12,103,0.048088422001463044,0.03276086518144167,0.03167563136607034,0.015327556820021376,0.001085233815371324,0.13333333333333333
120,5,12,104,0.07225342165242417,0.05186920610908201,0.04918294684466911,0.02038421554334216,0.0026862592644128977,0.13333333333333333
120,5,12,105,0.0477426553102335,0.03502137068954368,0.031819455811846344,0.012721284620689818,0.0032019148776973386,0.03333333333333333
120,5,12,106,0.05512741147785197,0.040024701609879525,0.035184998976004356,0.015102709867972443,0.004839702633875169,0.13333333333333333
120,5,12,107,0.059854542670448235,0.040250052200576154,0.03933069073943853,0.01960449046987208,0.0009193614611376216,0.06666666666666667
120,5,12,108,0.062403613513138875,0.03837377886326,0.03628652990496746,0.024029834649878873,0.0020872489582925424,0.1
120,5,12,109,0.05246398685144911,0.043958413030435024,0.03995386529336824,0.008505573821014085,0.004004547737066787,0.0
120,5,12,110,0.050047401076470266,0.026723557053376396,0.025656543162275683,0.02332384402309387,0.0010670138911007127,0.06666666666666667
120,5,12,111,0.05198021183868434,0.031342220444003005,0.027383490464533762,0.020637991394681338,0.003958729979469243,0.16666666666666666
120,5,12,112,0.048884437271713724,0.04091950375374083,0.0377200796391737,0.007964933517972894,0.003199424114567133,0.2
120,5,12,113,0.04071260035763959,0.036597647402789715,0.03210326324588058,0.004114952954849878,0.0044943841569091356,0.06666666666666667
120,5,12,114,0.06006387285603453,0.04050163396799748,0.03761844036490401,0.01956223888803705,0.00288319360309347,0.0
120,5,12,115,0.04867328570349344,0.0421919049042604,0.03795163022037362,0.006481380799233043,0.004240274683886776,0.1
120,5,12,116,0.0585283034367265,0.04698678168877528,0.045562803192117494,0.01154152174795122,0.0014239784966577837,0.03333333333333333
120,5,12,117,0.0735283349884559,0.06028754480056154,0.057634831711628656,0.013240790187894362,0.002652713088932883,0.03333333333333333
120,5,12,118,0.04113334169298939,0.027099316786511042,0.025513486913246307,0.01403402490647835,0.0015858298732647352,0.23333333333333334
120,5,12,119,0.044259477267308805,0.03873859193607024,0.03666504076873899,0.0055208853312385675,0.002073551167331246,0.06666666666666667
120,5,12,120,0.04696969852995935,0.03010112477703156,0.028039822974717084,0.01686857375292779,0.0020613018023144768,0.0
120,5,12,121,0.04931379077946908,0.033147398580254284,0.03166764071113611,0.0161663921992148,0.0014797578691181715,0.13333333333333333
120,5,12,122,0.0828544803748145,0.053140013725433796,0.05210329818846815,0.029714466649380697,0.0010367155369656461,0.16666666666666666
120,5,12,123,0.0492864722738513,0.03152369853943498,0.028565379098792202,0.017762773734416322,0.0029583194406427767,0.1
120,5,12,124,0.04298511615849783,0.033225475656119934,0.031190409164013534,0.009759640502377896,0.0020350664921063993,0.06666666666666667
120,5,12,125,0.06611865517184809,0.04443255078624765,0.043726997801760745,0.021686104385600438,0.0007055529844869068,0.03333333333333333
120,5,12,126,0.03705090541306719,0.02339796132938573,0.020920617220464267,0.013652944083681458,0.0024773441089214615,0.03333333333333333
120,5,12,127,0.043431747250947075,0.033423684392533355,0.028593443173209526,0.01000806285841372,0.004830241219323829,0.1
120,5,12,128,0.052263685664585585,0.036213998938827194,0.033461920202299045,0.01604968672575839,0.002752078736528149,0.06666666666666667
120,5,12,129,0.06349003716385457,0.05341973030639499,0.05243418251683786,0.010070306857459577,0.0009855477895571313,0.1
120,5,12,130,0.0541349679470238,0.049925880294583266,0.04488287734233979,0.004209087652440532,0.005043002952243476,0.03333333333333333
120,5,12,131,0.04239106012826306,0.032000193530583906,0.02858752583539521,0.010390866597679155,0.003412667695188696,0.13333333333333333
120,5,12,132,0.05039440230589148,0.03931824463428619,0.03724132113402868,0.011076157671605288,0.0020769235002575104,0.06666666666666667
120,5,12,133,0.06266669049854989,0.04358313329926519,0.03950968102039536,0.0190835571992847,0.004073452278869835,0.16666666666666666
120,5,12,134,0.046588822851781966,0.032402665444599174,0.02785293324369702,0.014186157407182792,0.004549732200902153,0.1
120,5,12,135,0.05478267610944766,0.02740446480889533,0.024447756777159727,0.027378211300552333,0.0029567080317356026,0.06666666666666667
120,5,12,136,0.040689568855679176,0.04057879786326071,0.036012090415468156,0.000110770992418463,0.004566707447792556,0.06666666666666667
120,5,12,137,0.042730565285179975,0.0235148937782265,0.021278422952540135,0.019215671506953476,0.002236470825686364,0.26666666666666666
120,5,12,138,0.044269768354544256,0.03601807507054702,0.03538356759110395,0.008251693283997233,0.000634507479443075,0.03333333333333333
120,5,12,139,0.05322321681674812,0.03603751120623302,0.032615949394887433,0.0171857056105151,0.0034215618113455845,0.13333333333333333
120,5,12,140,0.056641620327984546,0.037154468750162456,0.03372870088837476,0.01948715157782209,0.003425767861787693,0.06666666666666667
120,5,12,141,0.06654744286732117,0.04498796705210947,0.04217968010279993,0.0215594758152117,0.002808286949309541,0.13333333333333333
120,5,12,142,0.05229593573870695,0.030277444570667292,0.026545725420366234,0.02201849116803966,0.0037317191503010577,0.1
120,5,12,143,0.06028789704765862,0.05649081370653196,0.05371950030140939,0.0037970833411266613,0.002771313405122572,0.16666666666666666
120,5,12,144,0.06068087125492107,0.04303616401537112,0.03983233904673045,0.017644707239549945,0.0032038249686406756,0.1
120,5,12,145,0.04073045687511288,0.031213658989282092,0.030230408405661102,0.009516797885830791,0.0009832505836209898,0.13333333333333333
120,5,12,146,0.0532204787251828,0.0411965589317156,0.03763192153946558,0.012023919793467196,0.0035646373922500196,0.13333333333333333
120,5,12,147,0.04220340445461194,0.023729386335449368,0.021755173942720613,0.01847401811916257,0.0019742123927287553,0.13333333333333333
120,5,12,148,0.052312078858079994,0.04121059731705886,0.038010330525477976,0.011101481541021134,0.0032002667915808844,0.03333333333333333
120,5,12,149,0.04111508794717738,0.03420819103861463,0.02993077192468075,0.0069068969085627485,0.004277419113933881,0.06666666666666667
120,5,12,150,0.04942311723529436,0.04130467975750873,0.03787879302814949,0.00811843747778563,0.0034258867293592427,0.13333333333333333
