"n","J","R","rep","AMSE_Random","AMSE_MaxTwin_plus","AMSE_WMaxTwin_plus","diff_Random_minus_MaxTwin_plus","diff_MaxTwin_plus_minus_WMaxTwin_plus","abs_signed_overlap"
60,5,8,1,0.095244694136731,0.0752630076094666,0.0712481405674816,0.0199816865272644,0.00401486704198491,0.0666666666666667
60,5,8,2,0.0771499572721039,0.0664723136835478,0.0571841835325335,0.0106776435885561,0.00928813015101432,0.2
60,5,8,3,0.13957955552638,0.0751253944632693,0.0591363060231095,0.0644541610631108,0.0159890884401598,0.0666666666666667
60,5,8,4,0.074327055725347,0.0631409374858446,0.0573529533741969,0.0111861182395024,0.00578798411164769,0.466666666666667
60,5,8,5,0.083686325551965,0.0790820903914835,0.0636097699556936,0.00460423516048154,0.0154723204357899,0.0666666666666667
60,5,8,6,0.0805544352395313,0.0675359657988528,0.0593368083792955,0.0130184694406785,0.00819915741955729,0.133333333333333
60,5,8,7,0.0598236324973713,0.0580473932666194,0.0540951371103715,0.00177623923075187,0.00395225615624785,0.133333333333333
60,5,8,8,0.0623969185559725,0.0535712730029632,0.0434480749754086,0.00882564555300931,0.0101231980275546,0.2
60,5,8,9,0.0797291210008954,0.0707033807123042,0.0666179991955021,0.00902574028859114,0.00408538151680213,0
60,5,8,10,0.0759696086007118,0.064529566209018,0.0541418336395154,0.0114400423916938,0.0103877325695026,0.0666666666666667
60,5,8,11,0.0771398623752557,0.0616120119604894,0.0581615903448119,0.0155278504147663,0.00345042161567747,0.133333333333333
60,5,8,12,0.106985287927075,0.082426922375276,0.0760997703416389,0.0245583655517995,0.00632715203363707,0.0666666666666667
60,5,8,13,0.0806803589808189,0.0476936454005057,0.0409115329718201,0.0329867135803131,0.00678211242868559,0.133333333333333
60,5,8,14,0.0846654360661481,0.0670071261324345,0.058887342982138,0.0176583099337136,0.00811978315029645,0.2
60,5,8,15,0.0893325401832462,0.0612345386046302,0.0497146729442601,0.028098001578616,0.0115198656603701,0.133333333333333
60,5,8,16,0.0741262982489133,0.0636911167950469,0.0558941324999234,0.0104351814538665,0.00779698429512345,0
60,5,8,17,0.10418500570591,0.0846083110146744,0.0685691270011343,0.0195766946912354,0.0160391840135401,0.2
60,5,8,18,0.129702012692173,0.0892907206060545,0.0776388671897137,0.0404112920861185,0.0116518534163407,0
60,5,8,19,0.0880355428009053,0.0723904851657324,0.069492205284832,0.0156450576351729,0.00289827988090037,0.133333333333333
60,5,8,20,0.133953379565723,0.114611698222922,0.0964688073151342,0.0193416813428003,0.0181428909077882,0.2
60,5,8,21,0.107585283932672,0.053534858370186,0.054948660280186,0.0540504255624857,-0.00141380190999998,0.133333333333333
60,5,8,22,0.112072760314524,0.0790947542700461,0.0780304055285679,0.032978006044478,0.00106434874147814,0.0666666666666667
60,5,8,23,0.0668869502310342,0.0635734322804761,0.060369351464435,0.00331351795055813,0.00320408081604104,0.266666666666667
60,5,8,24,0.0738579120059014,0.0404828235618065,0.03594603307821,0.0333750884440949,0.00453679048359653,0.266666666666667
60,5,8,25,0.09042788495865,0.0523955064941083,0.0424874684622424,0.0380323784645417,0.00990803803186592,0
60,5,8,26,0.132100597021565,0.0891920544648739,0.0850730846901633,0.0429085425566913,0.00411896977471062,0
60,5,8,27,0.0560555610083956,0.0517300909566301,0.038045794383635,0.00432547005176556,0.0136842965729951,0.133333333333333
60,5,8,28,0.0892735149492278,0.0525508057709327,0.0476604860101101,0.0367227091782951,0.00489031976082261,0.133333333333333
60,5,8,29,0.0564159337033769,0.0356061296530778,0.0347625303407557,0.0208098040502991,0.00084359931232212,0.0666666666666667
60,5,8,30,0.096062535507804,0.0525629845875288,0.0426423660881805,0.0434995509202752,0.00992061849934827,0
60,5,8,31,0.135390286282423,0.0978348988879875,0.0912001699325388,0.0375553873944351,0.00663472895544878,0.0666666666666667
60,5,8,32,0.048807747384209,0.0394863918008805,0.0299341310932487,0.00932135558332853,0.0095522607076318,0.133333333333333
60,5,8,33,0.0983592577503719,0.0991214562637036,0.0915706723360716,-0.000762198513331758,0.00755078392763203,0.2
60,5,8,34,0.0718883780179388,0.0442358392859916,0.0371314186142885,0.0276525387319472,0.00710442067170308,0.266666666666667
60,5,8,35,0.0810182228480355,0.0801421134343072,0.0652722469907293,0.000876109413728232,0.014869866443578,0.133333333333333
60,5,8,36,0.108599383545214,0.051598327797673,0.042242433945077,0.0570010557475411,0.009355893852596,0.266666666666667
60,5,8,37,0.0658753890304001,0.0512726084055029,0.0443318899822681,0.0146027806248973,0.00694071842323471,0.133333333333333
60,5,8,38,0.0689286685854767,0.0589592688178732,0.0521188575532263,0.00996939976760353,0.00684041126464691,0.266666666666667
60,5,8,39,0.0778579108579706,0.0425574056445873,0.0366585814252322,0.0353005052133833,0.00589882421935507,0.133333333333333
60,5,8,40,0.0906837021843309,0.0598515224104351,0.0545435881296256,0.0308321797738958,0.00530793428080949,0.133333333333333
60,5,8,41,0.106497548912028,0.0845700976851013,0.0856630246572082,0.0219274512269266,-0.00109292697210683,0.2
60,5,8,42,0.0917673512830865,0.0728251741542386,0.0688276878334581,0.0189421771288479,0.00399748632078048,0.0666666666666667
60,5,8,43,0.0625824746537375,0.0521730045422399,0.0409219753882684,0.0104094701114976,0.0112510291539715,0.0666666666666667
60,5,8,44,0.0786040692685794,0.049305846738951,0.0425708733386767,0.0292982225296284,0.00673497340027434,0.266666666666667
60,5,8,45,0.0512527407906146,0.0426904568226919,0.0389540548657541,0.00856228396792264,0.00373640195693785,0.133333333333333
60,5,8,46,0.0807364949512174,0.0511448537273534,0.0502964681107158,0.029591641223864,0.000848385616637637,0.133333333333333
60,5,8,47,0.0587441554400485,0.0422950800843016,0.0376091952092957,0.0164490753557469,0.00468588487500587,0.133333333333333
60,5,8,48,0.0924121342731448,0.0774301807175848,0.0670853201461038,0.01498195355556,0.010344860571481,0
60,5,8,49,0.0899790713912285,0.0606487585480924,0.0540796661147042,0.0293303128431361,0.00656909243338819,0.133333333333333
60,5,8,50,0.10542374372155,0.086758887653341,0.0733360340646741,0.018664856068209,0.0134228535886669,0.266666666666667
60,5,8,51,0.120956807199321,0.0964496685615236,0.0943525358651407,0.0245071386377971,0.00209713269638297,0.133333333333333
60,5,8,52,0.0941649394179538,0.0856297273151211,0.0827247521704799,0.0085352121028327,0.00290497514464114,0.266666666666667
60,5,8,53,0.0743171553981922,0.0555301075905558,0.0483966112327014,0.0187870478076364,0.0071334963578544,0.333333333333333
60,5,8,54,0.0843888345173001,0.0704948822127582,0.0626201395746361,0.013893952304542,0.0078747426381221,0.266666666666667
60,5,8,55,0.134620524562723,0.0558440099338154,0.0531013749429241,0.0787765146289074,0.00274263499089134,0.0666666666666667
60,5,8,56,0.0815899153558226,0.0499794453773825,0.0465016812221608,0.0316104699784401,0.00347776415522174,0.133333333333333
60,5,8,57,0.116435780956634,0.116989245394261,0.101308300617277,-0.000553464437626744,0.0156809447769836,0.0666666666666667
60,5,8,58,0.0793952567152288,0.056177130684982,0.0492447870785353,0.0232181260302468,0.00693234360644678,0.133333333333333
60,5,8,59,0.100503200377986,0.0843768048423765,0.0673621841434687,0.0161263955356093,0.0170146206989078,0
60,5,8,60,0.100166968991571,0.0549049334538114,0.0487157315853614,0.0452620355377593,0.00618920186845003,0.2
60,5,8,61,0.0650409703914497,0.0590085825840768,0.0543647263385429,0.00603238780737288,0.00464385624553391,0.0666666666666667
60,5,8,62,0.0783209576899648,0.0453304320872811,0.039570036991,0.0329905256026837,0.00576039509628101,0.133333333333333
60,5,8,63,0.0899824474060537,0.0508460857677998,0.0479128341177084,0.0391363616382538,0.00293325165009141,0.2
60,5,8,64,0.139815498717909,0.104062503776134,0.0827647565399143,0.0357529949417751,0.0212977472362198,0.133333333333333
60,5,8,65,0.0753782024029807,0.0398120246736857,0.0331575231150896,0.035566177729295,0.00665450155859611,0
60,5,8,66,0.0522413919284345,0.0384981885594528,0.0250882412897024,0.0137432033689817,0.0134099472697504,0.0666666666666667
60,5,8,67,0.0965832270905216,0.0766632146889752,0.0697292456969041,0.0199200124015464,0.00693396899207113,0.133333333333333
60,5,8,68,0.0802796858233131,0.0529285064853517,0.0508423904809116,0.0273511793379614,0.00208611600444007,0
60,5,8,69,0.0815751626181443,0.0774101629752454,0.0636176124721547,0.00416499964289893,0.0137925505030907,0.0666666666666667
60,5,8,70,0.143415976661951,0.117242821464897,0.100733569162424,0.0261731551970535,0.0165092523024729,0
60,5,8,71,0.0757828573858574,0.0503416758516722,0.0463738265512688,0.0254411815341852,0.00396784930040334,0.0666666666666667
60,5,8,72,0.0777050087072064,0.0710466365806788,0.0569829225376412,0.00665837212652763,0.0140637140430375,0.133333333333333
60,5,8,73,0.0734552590559676,0.0517558265829194,0.0401339607133934,0.0216994324730482,0.011621865869526,0.2
60,5,8,74,0.0776073836212646,0.0477044283532697,0.0418738854839671,0.0299029552679949,0.00583054286930254,0.0666666666666667
60,5,8,75,0.126074253383024,0.0895051946239061,0.0857827859969871,0.0365690587591175,0.00372240862691894,0.0666666666666667
60,5,8,76,0.0779510255431693,0.0515591941486356,0.0487557874834796,0.0263918313945337,0.00280340666515601,0
60,5,8,77,0.0808529430494765,0.0658755842753187,0.0625599854146943,0.0149773587741578,0.00331559886062448,0.2
60,5,8,78,0.108099426679931,0.0843911467549465,0.0733103302748983,0.0237082799249844,0.0110808164800482,0.0666666666666667
60,5,8,79,0.0735755846358617,0.0638639134464539,0.0587086676245143,0.00971167118940773,0.00515524582193959,0.266666666666667
60,5,8,80,0.0596660605536146,0.0418885638767827,0.0350454397688899,0.0177774966768319,0.00684312410789277,0.2
60,5,8,81,0.0998679559639311,0.0850437257109459,0.0810585548837743,0.0148242302529852,0.00398517082717162,0.133333333333333
60,5,8,82,0.137293376697139,0.0872957611665797,0.0807145825122115,0.0499976155305593,0.00658117865436819,0.2
60,5,8,83,0.0802524668308062,0.0731513581237026,0.068282609739303,0.00710110870710361,0.00486874838439964,0.0666666666666667
60,5,8,84,0.0766929538468301,0.0653550639307198,0.0577045944072484,0.0113378899161103,0.00765046952347141,0.133333333333333
60,5,8,85,0.109465651947698,0.0578507183090812,0.0512211399253554,0.0516149336386172,0.00662957838372578,0.2
60,5,8,86,0.0910321783199685,0.0519720604821381,0.0486314626751778,0.0390601178378304,0.00334059780696036,0.266666666666667
60,5,8,87,0.0906953198781057,0.0622666269386982,0.0527145967088734,0.0284286929394075,0.00955203022982479,0
60,5,8,88,0.0562048364541238,0.0347693111156365,0.0302221391506354,0.0214355253384873,0.00454717196500112,0.0666666666666667
60,5,8,89,0.0734188448085283,0.0573933337774873,0.0477794396251052,0.016025511031041,0.00961389415238213,0.0666666666666667
60,5,8,90,0.0957335230502298,0.0791929605589284,0.0709983023119442,0.0165405624913014,0.00819465824698423,0.133333333333333
60,5,8,91,0.0722283986579829,0.0433734394163536,0.0413602953695592,0.0288549592416293,0.00201314404679442,0
60,5,8,92,0.0871651551304177,0.0518755658037622,0.043244343522675,0.0352895893266555,0.00863122228108718,0
60,5,8,93,0.0879467276832112,0.0442615231107221,0.0390107450404558,0.0436852045724891,0.00525077807026625,0.133333333333333
60,5,8,94,0.0689372389474702,0.0516389398804265,0.0443317345545529,0.0172982990670437,0.0073072053258736,0.266666666666667
60,5,8,95,0.101303819437422,0.0950088430634802,0.0814264065039498,0.00629497637394223,0.0135824365595304,0.266666666666667
60,5,8,96,0.0948670218625091,0.077545112012284,0.0703140087460114,0.0173219098502251,0.00723110326627262,0.266666666666667
60,5,8,97,0.0657432221857531,0.0587365185152725,0.0371269514722339,0.00700670367048059,0.0216095670430386,0.133333333333333
60,5,8,98,0.0941817501795968,0.0918860543296791,0.0790279855145256,0.00229569584991771,0.0128580688151536,0.0666666666666667
60,5,8,99,0.13326856098886,0.0914020207365713,0.0866265539226389,0.0418665402522883,0.00477546681393236,0.0666666666666667
60,5,8,100,0.0879320012630792,0.0523459523277424,0.0349128164026365,0.0355860489353368,0.0174331359251059,0.2
60,5,8,101,0.11708732495788,0.0287342876812169,0.0215137932150159,0.0883530372766628,0.00722049446620092,0.266666666666667
60,5,8,102,0.0921141833429842,0.0801678214560017,0.0704839468715157,0.0119463618869825,0.00968387458448597,0.0666666666666667
60,5,8,103,0.0648183532966038,0.0584248783170745,0.0374101857768378,0.0063934749795293,0.0210146925402367,0.333333333333333
60,5,8,104,0.072364969602238,0.0468984041659366,0.0417640120221296,0.0254665654363014,0.00513439214380696,0
60,5,8,105,0.0919795219080719,0.0656711297430069,0.0560145533854376,0.026308392165065,0.00965657635756934,0.0666666666666667
60,5,8,106,0.0749419568232444,0.0466355882736687,0.0408493677157927,0.0283063685495756,0.00578622055787601,0.2
60,5,8,107,0.081808430141938,0.07891655058976,0.0737474526142649,0.00289187955217796,0.00516909797549514,0.2
60,5,8,108,0.0945473893464054,0.0657330906788292,0.0643249839357168,0.0288142986675762,0.00140810674311241,0.266666666666667
60,5,8,109,0.103617641832602,0.0801648145313462,0.0697284611158639,0.0234528273012557,0.0104363534154823,0
60,5,8,110,0.10271308253024,0.0872444279399911,0.0796261657519391,0.0154686545902491,0.00761826218805207,0.0666666666666667
60,5,8,111,0.12973992694644,0.0938769497955297,0.0916528768318407,0.0358629771509107,0.00222407296368897,0.266666666666667
60,5,8,112,0.105231436442774,0.0523039076817039,0.0498496234496479,0.0529275287610701,0.00245428423205601,0.0666666666666667
60,5,8,113,0.0871444397987025,0.066896887781239,0.0608748580981139,0.0202475520174635,0.00602202968312504,0.2
60,5,8,114,0.0806052608445859,0.0592033935658573,0.0513815504702833,0.0214018672787286,0.00782184309557395,0.133333333333333
60,5,8,115,0.126324713170718,0.0868433045942471,0.0802915960675516,0.0394814085764709,0.00655170852669547,0
60,5,8,116,0.0885226250228326,0.0527344363112396,0.0500100349001105,0.0357881887115931,0.0027244014111291,0.333333333333333
60,5,8,117,0.137615204028591,0.0822088988875988,0.0803294514801168,0.0554063051409925,0.001879447407482,0.0666666666666667
60,5,8,118,0.0733158284165885,0.0486269404754252,0.0454031474493635,0.0246888879411634,0.00322379302606168,0
60,5,8,119,0.113685387156958,0.0980937674310955,0.0906267073264723,0.0155916197258624,0.00746706010462315,0.0666666666666667
60,5,8,120,0.065100131003426,0.0553295179645869,0.0431426682139346,0.00977061303883917,0.0121868497506523,0.266666666666667
60,5,8,121,0.0425531112659504,0.0296697465197201,0.022533511330762,0.0128833647462302,0.00713623518895808,0.0666666666666667
60,5,8,122,0.118618964544503,0.0693838317160227,0.0526646078059135,0.0492351328284799,0.0167192239101092,0.0666666666666667
60,5,8,123,0.0572051921300943,0.0475215462814834,0.0398570090316818,0.00968364584861086,0.0076645372498016,0.133333333333333
60,5,8,124,0.0724363749934713,0.068297100882087,0.0645877999516265,0.0041392741113843,0.00370930093046044,0
60,5,8,125,0.0867670508218702,0.0838477391663121,0.0731674177399199,0.00291931165555812,0.0106803214263922,0
60,5,8,126,0.082187118748568,0.0587265568757346,0.0528722703904827,0.0234605618728334,0.00585428648525196,0.133333333333333
60,5,8,127,0.0760399626428295,0.0617125355301861,0.0567734365794949,0.0143274271126433,0.00493909895069122,0
60,5,8,128,0.095303250341694,0.0782519838344985,0.0713664688409435,0.0170512665071955,0.00688551499355503,0.133333333333333
60,5,8,129,0.0664417966040059,0.0408671990036019,0.0377356565281606,0.025574597600404,0.00313154247544137,0.2
60,5,8,130,0.0625940609379296,0.0552507661370444,0.051563151125043,0.00734329480088521,0.00368761501200147,0.0666666666666667
60,5,8,131,0.080523139516041,0.0637744427625253,0.062627574966254,0.0167486967535157,0.00114686779627125,0.133333333333333
60,5,8,132,0.0743903953040781,0.0615039914203228,0.0594907500663111,0.0128864038837552,0.00201324135401172,0.133333333333333
60,5,8,133,0.103677623065159,0.060708427007491,0.0522030603420601,0.042969196057668,0.00850536666543086,0
60,5,8,134,0.0848681132574724,0.0696300527569833,0.0566835031488541,0.015238060500489,0.0129465496081292,0
60,5,8,135,0.0684225581683705,0.0473815253157023,0.0381766800043851,0.0210410328526683,0.00920484531131713,0.266666666666667
60,5,8,136,0.0682055515244845,0.0510923603871021,0.0511080851005082,0.0171131911373824,-1.57247134060789e-05,0.133333333333333
60,5,8,137,0.0715560535688467,0.0401013543758148,0.0338316059061278,0.0314546991930319,0.00626974846968703,0.133333333333333
60,5,8,138,0.0785145512799241,0.0523252885581567,0.0484957452827543,0.0261892627217674,0.00382954327540232,0.0666666666666667
60,5,8,139,0.129438375311603,0.121003477567387,0.11221547897961,0.00843489774421614,0.0087879985877771,0.0666666666666667
60,5,8,140,0.0955464701998217,0.0636946486122358,0.0538561501534642,0.0318518215875859,0.00983849845877161,0.0666666666666667
60,5,8,141,0.103936927645215,0.0631653350161221,0.0455947795387298,0.0407715926290931,0.0175705554773923,0.133333333333333
60,5,8,142,0.0681520504290667,0.045706173966189,0.0399183240197095,0.0224458764628777,0.00578784994647949,0.2
60,5,8,143,0.127732257077861,0.0566693617621724,0.0538719995009158,0.0710628953156889,0.00279736226125669,0.2
60,5,8,144,0.103759822890662,0.082164673943493,0.0786279988375041,0.0215951489471694,0.0035366751059889,0.533333333333333
60,5,8,145,0.064409450211762,0.053116158291883,0.0490405926138703,0.011293291919879,0.0040755656780127,0.0666666666666667
60,5,8,146,0.151166123488876,0.105319462960139,0.102686807591537,0.0458466605287362,0.00263265536860213,0.133333333333333
60,5,8,147,0.0855356825426211,0.0575314920484254,0.0484168214049516,0.0280041904941957,0.00911467064347379,0.2
60,5,8,148,0.0988509027911112,0.0443169457626126,0.0379424691006091,0.0545339570284986,0.00637447666200346,0.266666666666667
60,5,8,149,0.0677208910477105,0.0620327935464944,0.0565327457299606,0.00568809750121618,0.00550004781653374,0.2
60,5,8,150,0.0770462254302503,0.078519321534887,0.0638247054166112,-0.00147309610463668,0.0146946161182758,0.133333333333333
80,5,10,1,0.0693129650584237,0.0462411265571516,0.0427595972315909,0.023071838501272,0.00348152932556073,0.1
80,5,10,2,0.0695178288867763,0.0420153844078898,0.0394277156169891,0.0275024444788864,0.00258766879090071,0.2
80,5,10,3,0.0977478469870787,0.0658652122282473,0.0581715651017666,0.0318826347588314,0.0076936471264807,0.05
80,5,10,4,0.0387194750945063,0.0271922932213858,0.0227484465722394,0.0115271818731205,0.00444384664914636,0.1
80,5,10,5,0.091620807714008,0.063888385693292,0.0605771639094344,0.027732422020716,0.00331122178385761,0
80,5,10,6,0.0773799312110917,0.0511929593656361,0.0483611217690444,0.0261869718454557,0.00283183759659161,0.05
80,5,10,7,0.0666700420978012,0.0413792897298143,0.0381024696634604,0.025290752367987,0.00327682006635384,0.1
80,5,10,8,0.0561047413965765,0.0424331354981429,0.0325061853035952,0.0136716058984336,0.00992695019454771,0.15
80,5,10,9,0.0600465797291902,0.046941304863066,0.0411288876025509,0.0131052748661241,0.00581241726051507,0.05
80,5,10,10,0.0691749957927271,0.0376043823234555,0.0315267213281887,0.0315706134692716,0.00607766099526677,0.05
80,5,10,11,0.0625502191267322,0.0564294695838675,0.0490490296870029,0.00612074954286472,0.00738043989686454,0.2
80,5,10,12,0.075272167810593,0.0614075011974274,0.0511486293906076,0.0138646666131656,0.0102588718068198,0.15
80,5,10,13,0.0921246905331043,0.0386176760893774,0.0384331115558395,0.0535070144437269,0.000184564533537934,0.05
80,5,10,14,0.0888763106764528,0.0833090430770136,0.0765224185632529,0.00556726759943914,0.00678662451376076,0.3
80,5,10,15,0.0682735299252037,0.0496340427158795,0.0464229779832877,0.0186394872093242,0.00321106473259182,0.1
80,5,10,16,0.0623754913775908,0.0526101001716484,0.0469901072672774,0.00976539120594234,0.00561999290437099,0.15
80,5,10,17,0.0653805058342,0.0314976188834427,0.0300549140305745,0.0338828869507573,0.00144270485286824,0.15
80,5,10,18,0.0632536909895323,0.0414622316385913,0.0356105912101243,0.021791459350941,0.00585164042846698,0.25
80,5,10,19,0.0708452975456975,0.0331753079364851,0.0262585908531107,0.0376699896092124,0.00691671708337437,0.05
80,5,10,20,0.0672261561623697,0.0558946410913132,0.0505548251105961,0.0113315150710565,0.00533981598071709,0
80,5,10,21,0.0579378014501049,0.042224777348073,0.039759819039992,0.0157130241020319,0.00246495830808097,0.15
80,5,10,22,0.0898428665869827,0.0775441567494202,0.0737765075868228,0.0122987098375625,0.00376764916259741,0.35
80,5,10,23,0.0600392710321528,0.0439315779403274,0.0369834013674775,0.0161076930918255,0.00694817657284986,0.2
80,5,10,24,0.0508522467019584,0.0448284270046578,0.0400513275646934,0.00602381969730059,0.00477709943996446,0.1
80,5,10,25,0.0537025111920873,0.0507904553275814,0.0442134424301101,0.00291205586450589,0.00657701289747124,0.3
80,5,10,26,0.0567716115293345,0.0333926008001719,0.0317974343873827,0.0233790107291625,0.00159516641278921,0.05
80,5,10,27,0.085815620198034,0.0330235745977181,0.0276996565988253,0.0527920456003159,0.00532391799889288,0
80,5,10,28,0.0932076955236638,0.0818303588930243,0.074052267536242,0.0113773366306396,0.00777809135678223,0.2
80,5,10,29,0.0519325642102484,0.0414405262785683,0.0354328966162376,0.0104920379316801,0.00600762966233064,0.05
80,5,10,30,0.101815195854089,0.0556868049301352,0.051308600951122,0.0461283909239537,0.00437820397901319,0.05
80,5,10,31,0.0641877758975099,0.0585252807763084,0.0475657822888,0.0056624951212015,0.0109594984875084,0.15
80,5,10,32,0.0592377562058935,0.0388904936458115,0.0360943397830558,0.020347262560082,0.00279615386275569,0.1
80,5,10,33,0.0822879284919176,0.0612245959610832,0.0510230437087348,0.0210633325308344,0.0102015522523484,0.05
80,5,10,34,0.0662413696369634,0.0477534275986085,0.0437188987403316,0.0184879420383549,0.00403452885827693,0.1
80,5,10,35,0.0653843657142842,0.0515777360846247,0.0473861650974432,0.0138066296296595,0.00419157098718145,0
80,5,10,36,0.0721698229637907,0.0523802110357434,0.0474062830832421,0.0197896119280473,0.00497392795250123,0.05
80,5,10,37,0.0553856493220346,0.0438019931283025,0.0418954857401517,0.011583656193732,0.0019065073881508,0
80,5,10,38,0.0519639068661258,0.0335243653470768,0.0278876109515353,0.0184395415190491,0.00563675439554153,0.25
80,5,10,39,0.0693770061303381,0.0451378250834713,0.0395901137042962,0.0242391810468668,0.00554771137917504,0.25
80,5,10,40,0.0693807041272015,0.0446384426249026,0.0397460769872327,0.0247422615022989,0.00489236563766985,0.15
80,5,10,41,0.0788340465661788,0.0428455044572128,0.0384469919916418,0.035988542108966,0.00439851246557096,0.15
80,5,10,42,0.0677954910025271,0.0653001023158824,0.0599157565944127,0.0024953886866447,0.00538434572146964,0
80,5,10,43,0.0426278547253275,0.0346413014539654,0.0293902086171982,0.00798655327136207,0.00525109283676719,0.05
80,5,10,44,0.062605403909011,0.0371346475197422,0.0343223054292308,0.0254707563892688,0.00281234209051139,0.1
80,5,10,45,0.0766382142599812,0.0527527262356734,0.0512804236578236,0.0238854880243078,0.0014723025778498,0.15
80,5,10,46,0.0745381027952168,0.0665159469652142,0.0599194098313716,0.00802215583000253,0.00659653713384266,0.2
80,5,10,47,0.07901564583738,0.0414221305376286,0.0353868497040401,0.0375935152997515,0.00603528083358846,0.2
80,5,10,48,0.0684694805833219,0.0436688458454245,0.0414771837910345,0.0248006347378974,0.00219166205438995,0.05
80,5,10,49,0.109548154477078,0.0685583091236776,0.064887308950028,0.0409898453534009,0.00367100017364955,0.1
80,5,10,50,0.073999560985574,0.0414469446172785,0.0372732283360078,0.0325526163682955,0.00417371628127074,0
80,5,10,51,0.0494352928396882,0.0504692051800493,0.0372440188315175,-0.00103391234036106,0.0132251863485318,0.25
80,5,10,52,0.0834711975527355,0.0627160886237481,0.059100309408188,0.0207551089289874,0.00361577921556008,0.2
80,5,10,53,0.0773214008432882,0.0406514301428587,0.0362101361904754,0.0366699707004295,0.00444129395238329,0.05
80,5,10,54,0.0799563457801216,0.0339888163549396,0.0278914466461796,0.0459675294251819,0.00609736970876006,0.1
80,5,10,55,0.0566668487744561,0.0574296168311844,0.0522157968845776,-0.000762768056728334,0.00521381994660675,0.1
80,5,10,56,0.0605744973230571,0.0516966650052559,0.0468171324926916,0.00887783231780121,0.00487953251256429,0.1
80,5,10,57,0.104332038223698,0.0952600992442171,0.0946562608309109,0.00907193897948062,0.000603838413306176,0
80,5,10,58,0.0649824995728892,0.0552500580923362,0.0512438380958059,0.00973244148055293,0.00400621999653029,0.05
80,5,10,59,0.0488983360511253,0.0313374002194238,0.0260156277503891,0.0175609358317015,0.00532177246903469,0.1
80,5,10,60,0.0492259531373786,0.0403611199975501,0.0368000914308168,0.00886483313982848,0.00356102856673326,0
80,5,10,61,0.0416421858890996,0.037787456955451,0.0299571512808664,0.00385472893364859,0.00783030567458465,0.15
80,5,10,62,0.0912823235275844,0.0676085259961012,0.0621131803847651,0.0236737975314832,0.00549534561133608,0.25
80,5,10,63,0.0725529526146997,0.0636071986053369,0.0611253989621014,0.00894575400936282,0.00248179964323554,0.3
80,5,10,64,0.0893441483885692,0.0459454082754119,0.0425094862672989,0.0433987401131573,0.00343592200811299,0.15
80,5,10,65,0.0719569766365311,0.0603618716601128,0.0526240598165842,0.0115951049764182,0.00773781184352861,0
80,5,10,66,0.0555479657096008,0.0447189120907487,0.0404066794540553,0.0108290536188521,0.00431223263669338,0.05
80,5,10,67,0.0746075242010984,0.0463108792614733,0.0392745987107312,0.0282966449396251,0.00703628055074212,0.05
80,5,10,68,0.0659640632047038,0.0453232313144929,0.0441871249510517,0.0206408318902109,0.00113610636344121,0
80,5,10,69,0.0708605503159333,0.0674883891704103,0.0615742640789578,0.00337216114552297,0.00591412509145249,0.1
80,5,10,70,0.0906089596746813,0.0500643322001336,0.0496332110736141,0.0405446274745477,0.000431121126519524,0.05
80,5,10,71,0.0665469936796927,0.0475031548669714,0.0416247965346518,0.0190438388127213,0.00587835833231957,0
80,5,10,72,0.0498066903870291,0.0495562548474263,0.041240133145847,0.000250435539602821,0.00831612170157932,0.2
80,5,10,73,0.0974227218006434,0.0645152715086749,0.0610757377675757,0.0329074502919685,0.00343953374109927,0.05
80,5,10,74,0.0566543283379052,0.045073376979807,0.0408963175569528,0.0115809513580982,0.00417705942285416,0.1
80,5,10,75,0.0669212450742155,0.0451232130404733,0.041323791624007,0.0217980320337422,0.00379942141646626,0.15
80,5,10,76,0.0884586435491046,0.0541744017625404,0.0487298564054895,0.0342842417865641,0.00544454535705097,0.05
80,5,10,77,0.0510786634157202,0.0429513667511956,0.0339607925185502,0.00812729666452465,0.00899057423264539,0.05
80,5,10,78,0.0611163048511928,0.0552589532785195,0.0480119669823856,0.00585735157267335,0.00724698629613393,0
80,5,10,79,0.0673741068749747,0.0389303706198295,0.0375480296478233,0.0284437362551451,0.00138234097200624,0.05
80,5,10,80,0.0458733577390917,0.0374488689702481,0.0339262637357816,0.00842448876884359,0.00352260523446644,0.05
80,5,10,81,0.0679589070906842,0.0452536168135462,0.0437835578161692,0.0227052902771379,0.00147005899737705,0
80,5,10,82,0.103968074486626,0.0756946146168628,0.0703575420175244,0.028273459869763,0.00533707259933844,0.15
80,5,10,83,0.0710565873819952,0.0549044167425405,0.0515728833140277,0.0161521706394547,0.00333153342851285,0.35
80,5,10,84,0.108883046173927,0.0748427279552263,0.0656741471065436,0.0340403182187012,0.00916858084868272,0.05
80,5,10,85,0.0467140752197368,0.0372925778856297,0.0329495243217317,0.0094214973341071,0.00434305356389807,0.2
80,5,10,86,0.0915851267081384,0.0706264147602315,0.0699180242171781,0.0209587119479069,0.000708390543053439,0.1
80,5,10,87,0.0851498657828195,0.0523615623034702,0.0443084938816046,0.0327883034793493,0.00805306842186561,0.05
80,5,10,88,0.0443097439482849,0.0307928557355463,0.0303224898683162,0.0135168882127386,0.000470365867230125,0.4
80,5,10,89,0.0454108980870971,0.047785513134661,0.0376168187666627,-0.00237461504756394,0.0101686943679984,0.1
80,5,10,90,0.0904303814605108,0.0455039469861225,0.0411844298371558,0.0449264344743883,0.00431951714896667,0.05
80,5,10,91,0.0550054475713192,0.0356577172618412,0.0275770851228639,0.019347730309478,0.00808063213897729,0.15
80,5,10,92,0.0840498680868262,0.0621619377185928,0.0560217773340352,0.0218879303682333,0.00614016038455761,0.1
80,5,10,93,0.0907699733576731,0.065046061095193,0.0597808095820288,0.0257239122624801,0.00526525151316419,0.05
80,5,10,94,0.0677781775864696,0.0386537019062578,0.0372879706279773,0.0291244756802117,0.00136573127828051,0.05
80,5,10,95,0.0734718360376028,0.0429102237653991,0.0391678759834351,0.0305616122722037,0.00374234778196402,0
80,5,10,96,0.0653379698277871,0.0565713894524651,0.0499694286888773,0.00876658037532201,0.00660196076358776,0.1
80,5,10,97,0.0529876404456603,0.0380976840239889,0.0346467025261323,0.0148899564216715,0.00345098149785653,0.05
80,5,10,98,0.069135784464655,0.0584597735918276,0.0547008615595968,0.0106760108728274,0.00375891203223079,0.05
80,5,10,99,0.0763026009734117,0.0371184542675617,0.0369081379418177,0.0391841467058499,0.000210316325744017,0.15
80,5,10,100,0.0702795152027289,0.0429842949183092,0.0398690511239955,0.0272952202844197,0.00311524379431369,0
80,5,10,101,0.0495252362166467,0.0367690845898901,0.0275226696265934,0.0127561516267566,0.00924641496329669,0.05
80,5,10,102,0.0509515095404753,0.0386713628543749,0.0382894864419662,0.0122801466861003,0.000381876412408763,0.05
80,5,10,103,0.0595397738273162,0.0459585895096162,0.0406876954332072,0.0135811843177,0.005270894076409,0.2
80,5,10,104,0.0525954997305012,0.0443533504761244,0.0387098014750551,0.00824214925437679,0.00564354900106928,0.15
80,5,10,105,0.0569841022779948,0.0404182426730889,0.0368033185518665,0.0165658596049059,0.00361492412122245,0.15
80,5,10,106,0.0632386400314225,0.0372501535079316,0.0311609166453786,0.025988486523491,0.00608923686255297,0.3
80,5,10,107,0.0576596820512361,0.0427761580993606,0.0420566954076149,0.0148835239518755,0.000719462691745658,0.25
80,5,10,108,0.0370730173872746,0.0225531032649638,0.0181455845019739,0.0145199141223109,0.00440751876298984,0.25
80,5,10,109,0.0661956857491146,0.0434673317769015,0.0404281628605435,0.0227283539722131,0.00303916891635806,0.05
80,5,10,110,0.0774957689913953,0.0363577567023949,0.0354268651856642,0.0411380122890004,0.000930891516730675,0
80,5,10,111,0.0852641359587216,0.0605546119515787,0.055108530806892,0.0247095240071429,0.00544608114468673,0.1
80,5,10,112,0.139237771049757,0.0960213303927495,0.089309575273489,0.0432164406570072,0.00671175511926053,0.15
80,5,10,113,0.0881345485320176,0.0560376901469315,0.0506058251752445,0.0320968583850861,0.00543186497168695,0
80,5,10,114,0.081999089238176,0.0499704114429614,0.0451669979020791,0.0320286777952147,0.00480341354088229,0.4
80,5,10,115,0.0468564549218166,0.0292495112310851,0.026168611343219,0.0176069436907315,0.00308089988786611,0.2
80,5,10,116,0.0838448362649156,0.0393155111724082,0.0377190173732353,0.0445293250925074,0.00159649379917284,0.1
80,5,10,117,0.0445459589336604,0.0256079218204582,0.0249323775037527,0.0189380371132021,0.000675544316705554,0.15
80,5,10,118,0.0977264739490435,0.0713281098918732,0.0604414397638125,0.0263983640571703,0.0108866701280607,0.15
80,5,10,119,0.0798165132902048,0.0504336881095565,0.0499680128265297,0.0293828251806482,0.000465675283026816,0.15
80,5,10,120,0.066695641684586,0.0445692678698151,0.0378449744507987,0.0221263738147709,0.00672429341901642,0.05
80,5,10,121,0.0706896721505903,0.0619642220309715,0.0547195154366595,0.00872545011961873,0.00724470659431203,0
80,5,10,122,0.073020826829741,0.0531991304745791,0.0506632624112594,0.0198216963551619,0.00253586806331967,0.1
80,5,10,123,0.0744400600678937,0.0624835558553719,0.0530015228969899,0.0119565042125219,0.009482032958382,0.2
80,5,10,124,0.0861099308910127,0.066817531581563,0.0604493445433872,0.0192923993094497,0.00636818703817588,0.1
80,5,10,125,0.0669620464615915,0.0520889514811737,0.0483106680280382,0.0148730949804178,0.00377828345313555,0.15
80,5,10,126,0.0595790952505806,0.041915557024418,0.0342210196813167,0.0176635382261627,0.00769453734310123,0.1
80,5,10,127,0.101022247896618,0.0801088480930909,0.0772749263137868,0.0209133998035268,0.00283392177930404,0.1
80,5,10,128,0.0498441393165294,0.0508430777257225,0.044441048247456,-0.000998938409193087,0.00640202947826649,0.15
80,5,10,129,0.0827816605983188,0.0639235863543276,0.0595010742671121,0.0188580742439912,0.00442251208721548,0.05
80,5,10,130,0.0818591690191769,0.0597985004982041,0.0555136108222843,0.0220606685209728,0.00428488967591981,0.15
80,5,10,131,0.0803454361810348,0.0511439498452442,0.0430036908567346,0.0292014863357907,0.00814025898850952,0
80,5,10,132,0.072074161245692,0.0634344097932588,0.0567373587732063,0.00863975145243329,0.00669705102005246,0.2
80,5,10,133,0.0635525688380066,0.0401441833934225,0.0386838833922467,0.0234083854445841,0.00146030000117584,0.35
80,5,10,134,0.0953630421271849,0.0759787204982809,0.0659421413967715,0.019384321628904,0.0100365791015093,0
80,5,10,135,0.041746932001327,0.0311304637735359,0.0273572270548559,0.0106164682277911,0.00377323671868007,0
80,5,10,136,0.0606633805535703,0.0504402669086986,0.0476080338864981,0.0102231136448716,0.00283223302220051,0.2
80,5,10,137,0.0697366582237175,0.0545342716060787,0.0506228977647418,0.0152023866176387,0.0039113738413369,0.05
80,5,10,138,0.0579489406742162,0.0494454721742931,0.0441055882050462,0.00850346849992318,0.00533988396924685,0.1
80,5,10,139,0.0995349459283719,0.0604410185823458,0.0569965173805284,0.039093927346026,0.00344450120181741,0.1
80,5,10,140,0.06939401236883,0.0531697785039318,0.0403874791717551,0.0162242338648981,0.0127822993321767,0
80,5,10,141,0.0464454034735962,0.0298532668595964,0.0201871022407111,0.0165921366139998,0.0096661646188853,0.05
80,5,10,142,0.0762699308242248,0.0530973783934867,0.0464105033465024,0.023172552430738,0.00668687504698433,0
80,5,10,143,0.0578382273421517,0.0523059932185053,0.0496641713888491,0.00553223412364641,0.00264182182965619,0.25
80,5,10,144,0.0591665021223172,0.0538308814661111,0.0495249933966907,0.00533562065620613,0.00430588806942046,0.1
80,5,10,145,0.109718707898476,0.0626919499561537,0.0570208228775606,0.0470267579423221,0.00567112707859305,0.2
80,5,10,146,0.0817449222972087,0.0438746196773862,0.0431138087361949,0.0378703026198226,0.000760810941191271,0.3
80,5,10,147,0.0600009782814177,0.0441485558461552,0.0411043279837657,0.0158524224352624,0.00304422786238958,0.05
80,5,10,148,0.0527497926313601,0.0390469101804817,0.0341214587217808,0.0137028824508784,0.00492545145870091,0.2
80,5,10,149,0.0780175680560265,0.0730527497447422,0.0619303603588013,0.00496481831128437,0.0111223893859409,0.15
80,5,10,150,0.0758620881228748,0.0284837721284397,0.0271839662088731,0.0473783159944351,0.00129980591956659,0.15
80,6,10,1,0.087443880691217,0.0623339817960925,0.0583653216948477,0.0251098988951244,0.00396866010124482,0.25
80,6,10,2,0.0685537473296631,0.0604805646809412,0.0558907484778472,0.00807318264872192,0.00458981620309402,0.15
80,6,10,3,0.0873109979918245,0.06163805435157,0.0525101648231568,0.0256729436402545,0.00912788952841316,0.05
80,6,10,4,0.0612440922334045,0.0389596933897077,0.034885231744211,0.0222843988436968,0.00407446164549664,0.2
80,6,10,5,0.0826071750447342,0.0639891389494298,0.0602777037606223,0.0186180360953044,0.00371143518880751,0.2
80,6,10,6,0.0703116446531586,0.0541323149186065,0.0499341020609893,0.016179329734552,0.00419821285761728,0
80,6,10,7,0.0784614447179139,0.0643335055407895,0.0622531618332534,0.0141279391771244,0.00208034370753605,0.3
80,6,10,8,0.10229312816769,0.10095659601166,0.0950178716083748,0.00133653215603005,0.00593872440328483,0.05
80,6,10,9,0.049705210308674,0.0398836227341307,0.0355771485002601,0.00982158757454328,0.00430647423387057,0.05
80,6,10,10,0.0940212530428061,0.0724359761325109,0.067654486234384,0.0215852769102952,0.00478148989812693,0.05
80,6,10,11,0.0711330259800657,0.0421331224431725,0.0324429428709396,0.0289999035368932,0.0096901795722329,0.1
80,6,10,12,0.0950772468675424,0.0746635156955157,0.0717325068532242,0.0204137311720267,0.00293100884229142,0.1
80,6,10,13,0.0677154161172975,0.0516617102790789,0.0467453821593756,0.0160537058382186,0.00491632811970332,0.25
80,6,10,14,0.0604152888138145,0.0364617899772419,0.0313259526998124,0.0239534988365726,0.00513583727742942,0
80,6,10,15,0.0504409680470895,0.0396665502077415,0.0330985202832753,0.010774417839348,0.00656802992446625,0.1
80,6,10,16,0.0758459865164914,0.0480441760828066,0.0466682621763924,0.0278018104336847,0.00137591390641424,0.05
80,6,10,17,0.0877767132025073,0.039118446462481,0.0395569028156672,0.0486582667400262,-0.000438456353186151,0.4
80,6,10,18,0.0480782381675242,0.0368530860507397,0.0305689677891468,0.0112251521167845,0.00628411826159293,0.15
80,6,10,19,0.0489640813713714,0.0350211430993556,0.0315555391886957,0.0139429382720158,0.00346560391065992,0.1
80,6,10,20,0.075624743229674,0.0470581528923896,0.0373912454344091,0.0285665903372844,0.00966690745798044,0.1
80,6,10,21,0.0877399346402998,0.0623909085440164,0.059385932530048,0.0253490260962834,0.00300497601396841,0.2
80,6,10,22,0.0715680134662332,0.0640139992343239,0.0536084160620809,0.00755401423190934,0.0104055831722429,0.1
80,6,10,23,0.0420769584922182,0.0428013280923541,0.0367229916430339,-0.000724369600135825,0.00607833644932013,0.05
80,6,10,24,0.112317781826252,0.0819907082357061,0.0729598783216923,0.0303270735905463,0.00903082991401383,0.25
80,6,10,25,0.0640910478826969,0.0474577768739609,0.0400273969801634,0.0166332710087359,0.00743037989379754,0.15
80,6,10,26,0.0771007785505917,0.0658789364578591,0.062094859529161,0.0112218420927325,0.00378407692869812,0.1
80,6,10,27,0.0844086241970229,0.0482453033038805,0.0465137780630717,0.0361633208931423,0.00173152524080879,0.05
80,6,10,28,0.0646639524170295,0.0395115294808366,0.0324939289577082,0.0251524229361929,0.00701760052312836,0.1
80,6,10,29,0.113438784912152,0.0927035782812588,0.0810717344382599,0.0207352066308929,0.0116318438429989,0.15
80,6,10,30,0.0887890068451368,0.0473381848316611,0.0424276050593519,0.0414508220134757,0.00491057977230921,0.15
80,6,10,31,0.0547414838924461,0.0409539852695984,0.0343171429471149,0.0137874986228476,0.00663684232248348,0.15
80,6,10,32,0.0849158944312983,0.0708137083798018,0.0623115434838254,0.0141021860514965,0.00850216489597645,0
80,6,10,33,0.0817386008111625,0.0395161594363291,0.0366101874461392,0.0422224413748334,0.0029059719901899,0.15
80,6,10,34,0.0424198364551063,0.0330110600862402,0.0303886459605426,0.00940877636886609,0.00262241412569756,0.05
80,6,10,35,0.0663400765907019,0.0497267858230559,0.0469430775990599,0.016613290767646,0.00278370822399594,0.15
80,6,10,36,0.0471506658258743,0.0353324034289415,0.0269452374664369,0.0118182623969328,0.00838716596250463,0.05
80,6,10,37,0.0894412209922503,0.0584453230273284,0.0582406771273178,0.0309958979649219,0.000204645900010521,0.15
80,6,10,38,0.112542237267454,0.0622423296745487,0.0593095450640733,0.0502999075929057,0.00293278461047548,0
80,6,10,39,0.0403625809337155,0.0346504904990112,0.0277196210796963,0.00571209043470436,0.00693086941931487,0.05
80,6,10,40,0.0788237305458411,0.0356150994299811,0.0253679180807446,0.04320863111586,0.0102471813492365,0.1
80,6,10,41,0.100365203611857,0.0886043327679418,0.081545044848482,0.0117608708439149,0.00705928791945973,0.25
80,6,10,42,0.0678843140007073,0.0587801862924926,0.0501732487420258,0.00910412770821473,0.00860693755046682,0
80,6,10,43,0.0785710480087659,0.0486333769039951,0.045796002323357,0.0299376711047708,0.00283737458063808,0.3
80,6,10,44,0.103594691901685,0.0427361243436087,0.0392519350638212,0.0608585675580763,0.00348418927978748,0.25
80,6,10,45,0.0468170349786888,0.0231856268316257,0.0229064899037103,0.023631408147063,0.000279136927915393,0.15
80,6,10,46,0.0666999761955373,0.0548839959847811,0.0492925023814143,0.0118159802107562,0.00559149360336678,0.1
80,6,10,47,0.0702836328223057,0.0370861884499665,0.0334836502830156,0.0331974443723392,0.0036025381669509,0.2
80,6,10,48,0.0858594975385278,0.0768592458751211,0.0698727428298029,0.00900025166340666,0.00698650304531824,0.05
80,6,10,49,0.0409379849169155,0.0336372487610724,0.0307709589506675,0.00730073615584311,0.00286628981040491,0.15
80,6,10,50,0.0554292208871948,0.0505307784169647,0.0424934816064847,0.0048984424702301,0.00803729681048002,0.2
80,6,10,51,0.0597785060779797,0.0335215035226491,0.0268290571316921,0.0262570025553306,0.00669244639095701,0.15
80,6,10,52,0.0477631722156389,0.0378385609148222,0.0369077788161616,0.00992461130081675,0.000930782098660571,0.25
80,6,10,53,0.0463564387013331,0.0283293016536602,0.0272697750880303,0.0180271370476729,0.00105952656562988,0.1
80,6,10,54,0.054036772282259,0.039822071277444,0.0373431786672887,0.014214701004815,0.00247889261015529,0.2
80,6,10,55,0.088900339529857,0.0740263773357777,0.0721431038444276,0.0148739621940793,0.0018832734913501,0.1
80,6,10,56,0.0540798771171845,0.0360156682752907,0.0305374441737751,0.0180642088418938,0.00547822410151552,0.1
80,6,10,57,0.0946551283797704,0.0590032073290246,0.0554209932492502,0.0356519210507458,0.0035822140797744,0.35
80,6,10,58,0.119148414776995,0.08169425959515,0.0704035370635357,0.0374541551818453,0.0112907225316143,0
80,6,10,59,0.0480338378390631,0.0434678565946377,0.0412085868271073,0.00456598124442541,0.00225926976753048,0.05
80,6,10,60,0.0600979748501831,0.0505536602969018,0.0443713166133834,0.00954431455328132,0.00618234368351842,0
80,6,10,61,0.0648338918678795,0.0420771039165311,0.0378773967678418,0.0227567879513484,0.00419970714868931,0.1
80,6,10,62,0.0519664353436308,0.0409955087435913,0.0355738878943141,0.0109709266000395,0.00542162084927722,0.05
80,6,10,63,0.123641451560547,0.0868121329617183,0.0823475597326026,0.0368293185988288,0.0044645732291157,0.2
80,6,10,64,0.0735858228603429,0.052245918049307,0.0481606230254059,0.0213399048110359,0.00408529502390104,0.05
80,6,10,65,0.0697944131058497,0.0664006266102199,0.0575927626102731,0.00339378649562988,0.00880786399994672,0.1
80,6,10,66,0.0587446094978585,0.0347006591669179,0.0317735328271329,0.0240439503309405,0.00292712633978505,0.05
80,6,10,67,0.0468035725476653,0.0412654412045007,0.0337404729716896,0.0055381313431646,0.0075249682328111,0.15
80,6,10,68,0.0542757100185127,0.0487502140634972,0.0437361548631015,0.00552549595501555,0.00501405920039564,0.05
80,6,10,69,0.0389721321628812,0.030702348078632,0.0281319818593464,0.00826978408424913,0.00257036621928561,0
80,6,10,70,0.0733502872259226,0.0700522081408791,0.0526426845667061,0.00329807908504348,0.017409523574173,0.05
80,6,10,71,0.0720902910340215,0.0467381441792228,0.0382885370533365,0.0253521468547986,0.00844960712588634,0
80,6,10,72,0.117562374717437,0.0495780571405393,0.0491362253287848,0.0679843175768973,0.000441831811754508,0.1
80,6,10,73,0.0618314220841491,0.0474396238020867,0.0482723008120892,0.0143917982820624,-0.000832677010002503,0
80,6,10,74,0.0713738336778456,0.0500598263499197,0.0496120058128401,0.0213140073279259,0.000447820537079549,0.05
80,6,10,75,0.0490368086003309,0.0423772217104126,0.0347686582449788,0.00665958688991833,0.00760856346543373,0.1
80,6,10,76,0.0761832811888692,0.0530495243611745,0.0429206852240432,0.0231337568276947,0.0101288391371314,0.05
80,6,10,77,0.0716242545862669,0.0513886117509689,0.0434665521224347,0.020235642835298,0.00792205962853421,0.35
80,6,10,78,0.079337760930909,0.0555928373660706,0.0493426610630274,0.0237449235648384,0.0062501763030432,0.15
80,6,10,79,0.0470974249390711,0.0347558019292961,0.0296399800039336,0.012341623009775,0.00511582192536252,0.15
80,6,10,80,0.0495332746880703,0.0422769732751063,0.0395809505744516,0.00725630141296409,0.00269602270065469,0.2
80,6,10,81,0.0585897552408078,0.0511463228590921,0.0443925152323697,0.00744343238171568,0.00675380762672236,0.1
80,6,10,82,0.0777460580123413,0.0546418139168733,0.0480450319183574,0.0231042440954679,0.0065967819985159,0
80,6,10,83,0.0464073161260953,0.0428190510189536,0.0328611136670301,0.00358826510714172,0.00995793735192357,0.25
80,6,10,84,0.0532410906650039,0.0450664967077364,0.0395666349311617,0.00817459395726754,0.00549986177657468,0.15
80,6,10,85,0.047485388121611,0.0245590231046232,0.0217832971971332,0.0229263650169878,0.00277572590748996,0.2
80,6,10,86,0.0640815662892801,0.0500628266971959,0.0425826156677722,0.0140187395920841,0.00748021102942378,0.1
80,6,10,87,0.0568452344047359,0.035199197717386,0.033316699338949,0.0216460366873499,0.00188249837843701,0.05
80,6,10,88,0.058419930012156,0.0470427272556007,0.0388732465205068,0.0113772027565553,0.00816948073509387,0.15
80,6,10,89,0.0762803763029416,0.0461174422696384,0.0428542553773759,0.0301629340333032,0.00326318689226247,0.1
80,6,10,90,0.0624369150425578,0.0350733185704252,0.0312258069533662,0.0273635964721327,0.00384751161705899,0.05
80,6,10,91,0.0886023491853987,0.0551078740432498,0.0486302142390033,0.0334944751421489,0.00647765980424649,0.1
80,6,10,92,0.0481600702899905,0.0399467247359586,0.0373110019838733,0.00821334555403198,0.00263572275208528,0.1
80,6,10,93,0.0507091653279598,0.0511712944950231,0.0402165887024462,-0.000462129167063251,0.0109547057925768,0.05
80,6,10,94,0.095281904263209,0.0707594320382784,0.0667848384548482,0.0245224722249306,0.00397459358343014,0.15
80,6,10,95,0.0660485198402236,0.0698817560487671,0.0571836551387905,-0.00383323620854359,0.0126981009099767,0.05
80,6,10,96,0.0659422109532528,0.0547755241366743,0.0530848681633809,0.0111666868165785,0.0016906559732934,0.15
80,6,10,97,0.10522797812433,0.0883140506899785,0.0774621700467937,0.0169139274343518,0.0108518806431848,0
80,6,10,98,0.0506575863432211,0.0290763728809281,0.0272900542953974,0.021581213462293,0.00178631858553073,0.1
80,6,10,99,0.0429691061161157,0.0323689084413597,0.0247151880021757,0.010600197674756,0.007653720439184,0.25
80,6,10,100,0.103414343044772,0.0788260353748533,0.0743457826443782,0.0245883076699189,0.00448025273047509,0.05
80,6,10,101,0.0525196189015917,0.0510082953599404,0.0417040675874875,0.0015113235416514,0.00930422777245284,0.05
80,6,10,102,0.05272184133351,0.0406845979330096,0.0348896039682358,0.0120372434005004,0.00579499396477375,0.15
80,6,10,103,0.0520242180196298,0.0338436732418291,0.031561410787273,0.0181805447778007,0.00228226245455609,0.1
80,6,10,104,0.0868774530167297,0.0612026027333602,0.0550289448774208,0.0256748502833694,0.00617365785593944,0.1
80,6,10,105,0.0799551234531456,0.0476540701179663,0.0440137754300832,0.0323010533351794,0.00364029468788303,0.05
80,6,10,106,0.106168172420301,0.0554454239850245,0.0500670938270356,0.0507227484352765,0.00537833015798891,0.1
80,6,10,107,0.0612251569550202,0.0472502006761898,0.0416348638123503,0.0139749562788304,0.00561533686383955,0.1
80,6,10,108,0.0567488144384306,0.0299237316263951,0.0286469393137345,0.0268250828120355,0.00127679231266063,0.05
80,6,10,109,0.0841035941830691,0.0661475095919081,0.0553526868234884,0.017956084591161,0.0107948227684197,0.1
80,6,10,110,0.0454437839750922,0.0404485047710077,0.0303778829828443,0.0049952792040845,0.0100706217881633,0.1
80,6,10,111,0.0712809826864874,0.0480663403889113,0.0459820962991194,0.0232146422975761,0.00208424408979184,0.1
80,6,10,112,0.0638560013210966,0.0390572427743044,0.0280243026974932,0.0247987585467923,0.0110329400768111,0
80,6,10,113,0.090289951421692,0.0367619075526486,0.0322513717629719,0.0535280438690434,0.00451053578967672,0
80,6,10,114,0.102702708773051,0.0467853633565045,0.0449174863684818,0.0559173454165466,0.00186787698802269,0.05
80,6,10,115,0.0676281600196483,0.0553658800564808,0.0482373505447934,0.0122622799631675,0.00712852951168736,0.05
80,6,10,116,0.0931109734598655,0.0518026175823725,0.0478933594957198,0.041308355877493,0.00390925808665271,0.05
80,6,10,117,0.0891801072265991,0.0552751277476265,0.0509926230223245,0.0339049794789725,0.00428250472530206,0.1
80,6,10,118,0.0703799451088891,0.0504054878701892,0.0427420843297067,0.0199744572387,0.00766340354048245,0.05
80,6,10,119,0.0549460100915071,0.0414568382577957,0.0393404739141694,0.0134891718337114,0.0021163643436263,0.05
80,6,10,120,0.0599889745625545,0.0397758632607614,0.0388641904165922,0.0202131113017931,0.000911672844169216,0.4
80,6,10,121,0.0764259772694355,0.0678944588835106,0.0646264074320061,0.00853151838592492,0.00326805145150455,0.05
80,6,10,122,0.0613517014408872,0.0371323654754258,0.0331201808093049,0.0242193359654613,0.00401218466612097,0.1
80,6,10,123,0.0492297318788507,0.0285940052598922,0.0211445748805806,0.0206357266189584,0.00744943037931167,0.1
80,6,10,124,0.0802721488790515,0.0583999854240792,0.0546409684197537,0.0218721634549723,0.00375901700432553,0.15
80,6,10,125,0.0598160242724142,0.063661385415049,0.0506988814048357,-0.00384536114263483,0.0129625040102133,0.25
80,6,10,126,0.0791506041224194,0.0412088237368803,0.0312974376218599,0.0379417803855392,0.00991138611502038,0.15
80,6,10,127,0.0700351315761211,0.0534425730638549,0.050120301974475,0.0165925585122662,0.00332227108937988,0.1
80,6,10,128,0.0523750875786729,0.0507845519652772,0.039968271778822,0.00159053561339569,0.0108162801864552,0.05
80,6,10,129,0.0734600961699766,0.0546726937288644,0.0528995851126594,0.0187874024411121,0.00177310861620507,0.2
80,6,10,130,0.102727584827133,0.0651481391330213,0.0584895786837031,0.0375794456941121,0.0066585604493182,0.15
80,6,10,131,0.0880919648456385,0.0413031135228627,0.0399860467312406,0.0467888513227758,0.00131706679162207,0.25
80,6,10,132,0.08938879102099,0.0550296648071806,0.0472730485771239,0.0343591262138094,0.00775661623005674,0.25
80,6,10,133,0.0628767152639237,0.0426223314854262,0.0423511922478939,0.0202543837784975,0.000271139237532303,0.2
80,6,10,134,0.0616146263160608,0.0494371605693051,0.0424650621500915,0.0121774657467557,0.00697209841921364,0.1
80,6,10,135,0.0688967341100927,0.0731612970971649,0.0571273992369555,-0.00426456298707215,0.0160338978602093,0.05
80,6,10,136,0.103503374072297,0.0610471891609427,0.0462430747760239,0.0424561849113548,0.0148041143849187,0.1
80,6,10,137,0.0765293865405385,0.0636182788431737,0.0575442749372512,0.0129111076973648,0.00607400390592252,0.2
80,6,10,138,0.0920061986925025,0.0659336049911229,0.057008408861831,0.0260725937013795,0.00892519612929192,0
80,6,10,139,0.0896883533010403,0.0474915596825289,0.0424375925192503,0.0421967936185114,0.00505396716327865,0.05
80,6,10,140,0.10324260264704,0.0512210641393781,0.0461211002342724,0.0520215385076621,0.00509996390510575,0
80,6,10,141,0.0745666930639843,0.0693543447694883,0.0627980200829195,0.00521234829449602,0.00655632468656885,0.1
80,6,10,142,0.0695438289657778,0.059541543982453,0.0563412254139077,0.0100022849833248,0.00320031856854532,0.05
80,6,10,143,0.0597108872126273,0.041851858770823,0.0415743453250585,0.0178590284418042,0.000277513445764516,0
80,6,10,144,0.1089187111518,0.0572919832977953,0.0558112673596756,0.051626727854005,0.00148071593811979,0.05
80,6,10,145,0.0628545090032658,0.0485311180297422,0.0468047269076399,0.0143233909735236,0.00172639112210232,0.15
80,6,10,146,0.0772877040874184,0.0570369951162741,0.0527656536017152,0.0202507089711443,0.0042713415145589,0.05
80,6,10,147,0.0642558713527388,0.0495770897158881,0.0451886894672561,0.0146787816368507,0.00438840024863196,0.15
80,6,10,148,0.0618507970391165,0.0534179728343498,0.0522992583658312,0.00843282420476677,0.00111871446851853,0.25
80,6,10,149,0.0443007206202256,0.0289861681834754,0.0259283632704621,0.0153145524367502,0.00305780491301327,0.05
80,6,10,150,0.0765767729458618,0.0419851970144615,0.0409936909404621,0.0345915759314003,0.000991506073999421,0.1
120,5,12,1,0.053091387203055,0.0424699548739649,0.038923586591486,0.0106214323290902,0.0035463682824789,0.0666666666666667
120,5,12,2,0.0495571918017269,0.0397416751070088,0.0360290521945125,0.0098155166947181,0.00371262291249624,0.0666666666666667
120,5,12,3,0.0383710515637931,0.0288698431585209,0.0261356912809132,0.00950120840527227,0.00273415187760762,0.0333333333333333
120,5,12,4,0.0232618661210943,0.0209916249073925,0.0192330378254256,0.00227024121370185,0.00175858708196684,0.0666666666666667
120,5,12,5,0.0568906576664729,0.0461330310496673,0.0449382234777906,0.0107576266168056,0.00119480757187672,0.133333333333333
120,5,12,6,0.0457596387253853,0.0354609711202964,0.0342323757299619,0.0102986676050889,0.00122859539033455,0
120,5,12,7,0.0528175709926248,0.0216319593610793,0.0207159609829069,0.0311856116315455,0.00091599837817237,0.0333333333333333
120,5,12,8,0.041436562730237,0.0267065554110882,0.0229900643216861,0.0147300073191488,0.00371649108940206,0.0333333333333333
120,5,12,9,0.0362577572011725,0.0366711152278677,0.03139237299266,-0.000413358026695135,0.00527874223520771,0.1
120,5,12,10,0.0551469667340937,0.0371583740191559,0.0354211780364908,0.0179885927149378,0.0017371959826651,0.0333333333333333
120,5,12,11,0.0428457153007314,0.0237346924251298,0.0234977675281755,0.0191110228756016,0.00023692489695426,0.233333333333333
120,5,12,12,0.0478442772326062,0.037576047244668,0.0331198158482393,0.0102682299879382,0.00445623139642868,0.0666666666666667
120,5,12,13,0.0529214805770257,0.0403217545514074,0.0363294610659675,0.0125997260256182,0.00399229348543995,0.0333333333333333
120,5,12,14,0.0481190185364267,0.0385980838663755,0.0312380623825219,0.00952093467005126,0.00736002148385357,0.0333333333333333
120,5,12,15,0.0460951191629419,0.0362077073290892,0.0341738134385904,0.00988741183385274,0.00203389389049879,0.0666666666666667
120,5,12,16,0.0766663488493182,0.0544017575045879,0.0495229991056883,0.0222645913447304,0.00487875839889959,0.0333333333333333
120,5,12,17,0.0601386489548742,0.0448834814543438,0.0422202646571404,0.0152551675005305,0.00266321679720333,0.166666666666667
120,5,12,18,0.0494171904743493,0.0309081261232879,0.0280375583690688,0.0185090643510614,0.00287056775421908,0
120,5,12,19,0.0608787614043229,0.0345571286611208,0.0306491687629157,0.0263216327432021,0.00390795989820511,0.0666666666666667
120,5,12,20,0.0532185341128528,0.0382587199889973,0.0379580823827077,0.0149598141238556,0.00030063760628958,0.0666666666666667
120,5,12,21,0.0568431243739166,0.0326948889549646,0.0321414576191969,0.024148235418952,0.000553431335767657,0.0666666666666667
120,5,12,22,0.037192192916775,0.0261471545538961,0.025519547734862,0.0110450383628789,0.000627606819034093,0.1
120,5,12,23,0.0424270602668346,0.0333930402317737,0.0328959131286818,0.0090340200350609,0.000497127103091848,0.1
120,5,12,24,0.0619657597827761,0.0400167026565067,0.0369603659843862,0.0219490571262694,0.00305633667212054,0.0333333333333333
120,5,12,25,0.0656171796253059,0.03687814188592,0.0357142904665637,0.0287390377393859,0.00116385141935627,0.1
120,5,12,26,0.0411306050617361,0.03362938200283,0.0322295440963558,0.00750122305890617,0.00139983790647422,0.133333333333333
120,5,12,27,0.0516750466422521,0.0417278827541964,0.0392639705790538,0.00994716388805575,0.00246391217514254,0.166666666666667
120,5,12,28,0.0682775866257433,0.0476116216210784,0.046075119201065,0.0206659650046649,0.00153650242001348,0.166666666666667
120,5,12,29,0.0373837440502155,0.0271169835644902,0.0230725829660737,0.0102667604857253,0.00404440059841644,0.3
120,5,12,30,0.0433406628138212,0.0372475088727266,0.0338527487382521,0.00609315394109459,0.00339476013447451,0.0333333333333333
120,5,12,31,0.0510616282564624,0.0342613201445106,0.0331733223315875,0.0168003081119519,0.0010879978129231,0.0666666666666667
120,5,12,32,0.0546693286669899,0.0390887960996409,0.0358471112242337,0.015580532567349,0.00324168487540723,0.0333333333333333
120,5,12,33,0.0458954216807436,0.0324555014009042,0.0300811718452495,0.0134399202798394,0.00237432955565477,0.166666666666667
120,5,12,34,0.0734993919350969,0.0606540818126471,0.0580449192710456,0.0128453101224497,0.00260916254160153,0.2
120,5,12,35,0.0576284689426263,0.0493966083183729,0.0449222610037235,0.00823186062425344,0.00447434731464934,0.166666666666667
120,5,12,36,0.0483504045103646,0.0328877932610786,0.0320182551030901,0.015462611249286,0.000869538157988466,0.0666666666666667
120,5,12,37,0.0603298559054003,0.0535167823218405,0.0502752335007484,0.00681307358355981,0.00324154882109216,0.0333333333333333
120,5,12,38,0.0599606543499722,0.0374077215375116,0.0341393398873725,0.0225529328124606,0.00326838165013916,0
120,5,12,39,0.058325302709815,0.045269412099121,0.0432522909205904,0.013055890610694,0.00201712117853069,0.1
120,5,12,40,0.0661026654662285,0.0611308470873919,0.0556129732718402,0.00497181837883658,0.00551787381555176,0.266666666666667
120,5,12,41,0.0603606106170227,0.0467319350580306,0.0430185419433177,0.013628675558992,0.00371339311471294,0.0666666666666667
120,5,12,42,0.0610690693073635,0.0403767201602667,0.0356868970363793,0.0206923491470967,0.00468982312388748,0.0666666666666667
120,5,12,43,0.0406984711381547,0.0295574810452732,0.0263882459705874,0.0111409900928815,0.00316923507468578,0.166666666666667
120,5,12,44,0.0650149038795178,0.0288878040235706,0.0284537560920706,0.0361270998559472,0.000434047931500026,0
120,5,12,45,0.0519940381226893,0.0368736833509209,0.0360947865550473,0.0151203547717684,0.000778896795873563,0.0666666666666667
120,5,12,46,0.0558546137783411,0.0402523518781217,0.0378403213369394,0.0156022619002194,0.00241203054118236,0
120,5,12,47,0.0703608056606701,0.0540293209091656,0.0500190707052692,0.0163314847515045,0.00401025020389641,0.166666666666667
120,5,12,48,0.0377358661266393,0.0305746163695071,0.0265205257464904,0.00716124975713223,0.0040540906230167,0.0333333333333333
120,5,12,49,0.0537556290895269,0.0381352611432939,0.0344531481532515,0.0156203679462329,0.00368211299004248,0.133333333333333
120,5,12,50,0.0502714215670005,0.0331704526021944,0.0299425684892304,0.0171009689648061,0.00322788411296402,0
120,5,12,51,0.0472083558314122,0.0289936746472095,0.0264829011145191,0.0182146811842027,0.00251077353269041,0.133333333333333
120,5,12,52,0.0315671087017503,0.0264464053180461,0.0247568418136679,0.00512070338370417,0.00168956350437814,0.0666666666666667
120,5,12,53,0.0464470855066193,0.0399640961053439,0.0330860889655371,0.00648298940127544,0.00687800713980675,0.0666666666666667
120,5,12,54,0.0799953233362231,0.0446425229474068,0.0394029552291646,0.0353528003888163,0.00523956771824218,0.0333333333333333
120,5,12,55,0.0719142493825196,0.0444061833157466,0.0412982070714066,0.0275080660667731,0.00310797624433993,0.1
120,5,12,56,0.0651118627405962,0.0546846253490032,0.0523455120822566,0.010427237391593,0.00233911326674658,0
120,5,12,57,0.0620405459389237,0.0393770218353859,0.0377024790014874,0.0226635241035378,0.00167454283389856,0.0666666666666667
120,5,12,58,0.0604137033809363,0.0509301294535669,0.0458766257773994,0.0094835739273694,0.00505350367616748,0.0666666666666667
120,5,12,59,0.0459091166638383,0.0230865201516785,0.0221197946578122,0.0228225965121598,0.000966725493866304,0.133333333333333
120,5,12,60,0.0436607526808859,0.0369507578022931,0.0314232053509203,0.00670999487859278,0.00552755245137283,0.0333333333333333
120,5,12,61,0.036401294121707,0.0323081945349564,0.0269337433263721,0.00409309958675068,0.00537445120858425,0
120,5,12,62,0.0504162024986779,0.0432697465018058,0.033923389392309,0.00714645599687212,0.0093463571094968,0.0666666666666667
120,5,12,63,0.050960147582121,0.0387932493084713,0.0349536532383655,0.0121668982736497,0.0038395960701058,0.166666666666667
120,5,12,64,0.0494421486456946,0.0367878518037437,0.0355618019326511,0.0126542968419509,0.00122604987109259,0
120,5,12,65,0.0513498709158454,0.0440373354076917,0.0407900635625569,0.00731253550815365,0.00324727184513486,0.166666666666667
120,5,12,66,0.0283565397842938,0.0230979508389439,0.0189270541847484,0.00525858894534984,0.00417089665419556,0.133333333333333
120,5,12,67,0.050301277494434,0.0319233263599068,0.030139121479397,0.0183779511345272,0.00178420488050979,0.0333333333333333
120,5,12,68,0.0630884141441468,0.0566207833139787,0.0513955699903625,0.00646763083016808,0.0052252133236162,0
120,5,12,69,0.0454600015645005,0.0309772408515763,0.029579387554213,0.0144827607129242,0.00139785329736326,0.2
120,5,12,70,0.0456621264113041,0.0382348646633067,0.0330022175832051,0.00742726174799735,0.00523264708010159,0.0333333333333333
120,5,12,71,0.0493657670162851,0.0372404784837521,0.0352579349833468,0.012125288532533,0.00198254350040526,0.0666666666666667
120,5,12,72,0.0456950382107716,0.0347047658393311,0.032565620896604,0.0109902723714405,0.00213914494272711,0.133333333333333
120,5,12,73,0.07572045899071,0.0445705237575748,0.0400190393644652,0.0311499352331353,0.00455148439310955,0.0333333333333333
120,5,12,74,0.0618961321426674,0.0433407629387386,0.0408723222332935,0.0185553692039288,0.00246844070544515,0.0333333333333333
120,5,12,75,0.0445657411317524,0.039647348923162,0.0383386553070397,0.00491839220859039,0.00130869361612227,0.133333333333333
120,5,12,76,0.0386240047176421,0.0306700004094458,0.0272304396952351,0.00795400430819632,0.00343956071421066,0.0666666666666667
120,5,12,77,0.0500992855855424,0.0361207998244328,0.0344952836026409,0.0139784857611096,0.00162551622179193,0
120,5,12,78,0.0548051256211645,0.0528602751496397,0.0471283546693359,0.0019448504715248,0.00573192048030379,0.166666666666667
120,5,12,79,0.0374226222881298,0.0339625897956348,0.029825951196525,0.00346003249249496,0.00413663859910978,0.133333333333333
120,5,12,80,0.0464955649845775,0.0370994518357665,0.0355449464165935,0.009396113148811,0.00155450541917306,0.1
120,5,12,81,0.0716414922796613,0.0483304670857401,0.0427661825458047,0.0233110251939213,0.0055642845399354,0.0333333333333333
120,5,12,82,0.0469650086106353,0.0401994521083186,0.0353613480297604,0.00676555650231673,0.00483810407855818,0.133333333333333
120,5,12,83,0.0602736727548124,0.0515727979498998,0.044593126297379,0.00870087480491257,0.00697967165252077,0.1
120,5,12,84,0.0569664036715931,0.0329723841086243,0.031076611234112,0.0239940195629689,0.00189577287451224,0.0333333333333333
120,5,12,85,0.0546310579164096,0.039318032771042,0.0385175671834386,0.0153130251453675,0.000800465587603404,0.233333333333333
120,5,12,86,0.0688023021964292,0.0504917359752891,0.0506920982878874,0.0183105662211401,-0.000200362312598346,0.166666666666667
120,5,12,87,0.0394703185024358,0.0320488052370599,0.030823015861234,0.00742151326537595,0.00122578937582582,0.1
120,5,12,88,0.04582181478393,0.0355091456780366,0.0328747930803181,0.0103126691058933,0.00263435259771853,0.0666666666666667
120,5,12,89,0.0709953005189673,0.0564612256953271,0.0525238197117501,0.0145340748236402,0.00393740598357696,0.166666666666667
120,5,12,90,0.0360855498611644,0.0254861616932727,0.0217184475450772,0.0105993881678916,0.00376771414819559,0.133333333333333
120,5,12,91,0.0408279261316931,0.0337884400033878,0.0316888364673939,0.00703948612830531,0.00209960353599385,0.1
120,5,12,92,0.0476966299396591,0.0347933228897295,0.032641636149792,0.0129033070499296,0.00215168673993759,0.133333333333333
120,5,12,93,0.058203927818165,0.0391391088578403,0.0341017083708151,0.0190648189603247,0.00503740048702521,0.0666666666666667
120,5,12,94,0.083406010273482,0.0563098142110647,0.0549733667986678,0.0270961960624173,0.00133644741239686,0.0666666666666667
120,5,12,95,0.0738211518292248,0.0399098223625692,0.0366509345068204,0.0339113294666556,0.00325888785574888,0.133333333333333
120,5,12,96,0.0383663616077528,0.0270500704194599,0.0266118066348707,0.0113162911882928,0.000438263784589207,0.0333333333333333
120,5,12,97,0.0326713759039712,0.0250548051520599,0.0236956956007655,0.00761657075191127,0.00135910955129443,0.0666666666666667
120,5,12,98,0.0487265704568217,0.0399570795912216,0.0356133521455728,0.0087694908656001,0.00434372744564886,0.233333333333333
120,5,12,99,0.0429604186564882,0.028271503066922,0.0255626181025866,0.0146889155895662,0.0027088849643354,0
120,5,12,100,0.0437109017568413,0.0279592999590061,0.0268278141002219,0.0157516017978352,0.0011314858587842,0.1
120,5,12,101,0.0341911187303533,0.0311083812779108,0.0280388227603415,0.00308273745244246,0.00306955851756932,0.0333333333333333
120,5,12,102,0.0404165510701348,0.0253451442154034,0.0238110004995049,0.0150714068547314,0.00153414371589846,0.166666666666667
120,5,12,103,0.0395786967479361,0.0251273284935978,0.0239438773861571,0.0144513682543383,0.00118345110744066,0.233333333333333
120,5,12,104,0.0870698187783081,0.0655071710037322,0.0636582434239298,0.0215626477745759,0.0018489275798024,0.0666666666666667
120,5,12,105,0.0703320974193355,0.0706782395377248,0.0620903641512999,-0.00034614211838932,0.00858787538642491,0.1
120,5,12,106,0.0732123337257771,0.0507883970855588,0.0484518586213635,0.0224239366402183,0.00233653846419529,0.0333333333333333
120,5,12,107,0.054732567792428,0.0467218162591454,0.0466294182412859,0.00801075153328262,9.23980178595268e-05,0.233333333333333
120,5,12,108,0.0410280748245666,0.0300394661881274,0.0287369760513867,0.0109886086364391,0.00130249013674074,0.0666666666666667
120,5,12,109,0.0579293959090277,0.0552972203777338,0.0537038718657712,0.00263217553129393,0.00159334851196257,0.1
120,5,12,110,0.0424805233860302,0.0390691475408262,0.0331320814593135,0.00341137584520409,0.00593706608151267,0.0333333333333333
120,5,12,111,0.0505023823229312,0.0274080139770683,0.0231261942538032,0.0230943683458629,0.00428181972326508,0.0666666666666667
120,5,12,112,0.0641713315410739,0.036645767930007,0.0352417270158904,0.0275255636110669,0.00140404091411662,0.1
120,5,12,113,0.0486857996511308,0.043543726252312,0.035490168884825,0.00514207339881884,0.00805355736748696,0.1
120,5,12,114,0.0589977273536191,0.0382745091229206,0.0370137262770189,0.0207232182306986,0.00126078284590168,0.0666666666666667
120,5,12,115,0.043803706968058,0.0368251227819698,0.0334309866616233,0.00697858418608823,0.00339413612034649,0.0666666666666667
120,5,12,116,0.0620197469901626,0.0234336963596167,0.0214334255130532,0.0385860506305459,0.00200027084656351,0.0666666666666667
120,5,12,117,0.0460914229411256,0.0290759171827136,0.0255162281099032,0.017015505758412,0.00355968907281039,0.0666666666666667
120,5,12,118,0.0612846198166803,0.0438849669398527,0.0418262309953566,0.0173996528768275,0.00205873594449614,0.0333333333333333
120,5,12,119,0.0359221375977477,0.0262414241174399,0.0233989762029612,0.00968071348030781,0.00284244791447875,0.0333333333333333
120,5,12,120,0.0569099565982158,0.0384058183902083,0.0328825205526544,0.0185041382080075,0.00552329783755384,0.166666666666667
120,5,12,121,0.0437348152396515,0.0328808563518913,0.0289338963515304,0.0108539588877602,0.00394696000036093,0.1
120,5,12,122,0.0929065412292313,0.0658582069072089,0.0635912665675125,0.0270483343220224,0.00226694033969638,0.233333333333333
120,5,12,123,0.052652337251743,0.0372196888160371,0.0353718559583076,0.0154326484357059,0.00184783285772951,0.166666666666667
120,5,12,124,0.0679196964684223,0.0489804174580811,0.0470992986218393,0.0189392790103411,0.00188111883624185,0.0666666666666667
120,5,12,125,0.0528788650035338,0.0393088260592197,0.0372716901379513,0.013570038944314,0.00203713592126848,0
120,5,12,126,0.0282859094448262,0.0239216681785771,0.0205345820991133,0.00436424126624905,0.00338708607946382,0.133333333333333
120,5,12,127,0.045786499480361,0.0436599248937205,0.039482625633991,0.00212657458664054,0.00417729925972943,0
120,5,12,128,0.045247298228567,0.0246830006184359,0.0224999596151274,0.0205642976101311,0.00218304100330847,0
120,5,12,129,0.0394005474548169,0.0384417364741513,0.0344105256942206,0.000958810980665567,0.00403121077993077,0.0333333333333333
120,5,12,130,0.0354428007912304,0.022568567384913,0.0214582623850038,0.0128742334063174,0.00111030499990927,0.0666666666666667
120,5,12,131,0.0739800259857685,0.0612067520015176,0.0590775790884403,0.0127732739842509,0.00212917291307731,0.0333333333333333
120,5,12,132,0.0617627756440609,0.0455798374414941,0.0415587131906742,0.0161829382025668,0.00402112425081988,0.0666666666666667
120,5,12,133,0.0491341795681167,0.0387958622076262,0.0349269505831898,0.0103383173604905,0.00386891162443633,0
120,5,12,134,0.0512389143994122,0.0362310234723275,0.0324886960827556,0.0150078909270847,0.00374232738957193,0.133333333333333
120,5,12,135,0.0443043097435502,0.0359549145919746,0.0337575102816068,0.00834939515157553,0.0021974043103678,0
120,5,12,136,0.0525854274987052,0.0425407013143785,0.0386773341837055,0.0100447261843267,0.00386336713067296,0.0333333333333333
120,5,12,137,0.0543861357269569,0.0315504537037289,0.0304167325609427,0.022835682023228,0.00113372114278617,0.0666666666666667
120,5,12,138,0.0439966399208856,0.0316446561615356,0.0300068734124573,0.0123519837593499,0.0016377827490783,0.1
120,5,12,139,0.0536975589139616,0.0339499909651906,0.0291488681919956,0.019747567948771,0.00480112277319503,0.0666666666666667
120,5,12,140,0.0509322029578742,0.0332516081788706,0.0321368045210726,0.0176805947790035,0.00111480365779807,0.1
120,5,12,141,0.0720954066302586,0.0393846347771609,0.0381150356782065,0.0327107718530977,0.00126959909895444,0
120,5,12,142,0.0738601090478109,0.0530654417279455,0.0488723119032425,0.0207946673198654,0.00419312982470307,0.0333333333333333
120,5,12,143,0.0577451956448457,0.0387045535400148,0.0365372120815514,0.0190406421048309,0.00216734145846338,0.1
120,5,12,144,0.069205336462069,0.0532251200678035,0.0483171879207382,0.0159802163942654,0.00490793214706534,0.2
120,5,12,145,0.0801308262114685,0.0430860177590217,0.0409777777060153,0.0370448084524467,0.00210824005300647,0.0666666666666667
120,5,12,146,0.0580065226376724,0.037093451706852,0.0351487340867006,0.0209130709308204,0.00194471762015144,0.0666666666666667
120,5,12,147,0.0440611811315463,0.0320880965311136,0.0272070603753752,0.0119730846004327,0.00488103615573848,0.0666666666666667
120,5,12,148,0.0570654288164733,0.0527069959833399,0.0486880138828577,0.00435843283313347,0.00401898210048214,0.133333333333333
120,5,12,149,0.0443145695332304,0.0414055416862454,0.0379059722216412,0.00290902784698498,0.00349956946460418,0.0666666666666667
120,5,12,150,0.0397212946292964,0.0340710514581686,0.0319526856636598,0.00565024317112781,0.0021183657945088,0.0666666666666667
